"","id","DIRAS3_042","DIRAS3_044","DIRAS3_056","DIRAS3_061","DIRAS3_065","DIRAS3_068","DIRAS3_080","DIRAS3_082","DIRAS3_102","DIRAS3_104","DIRAS3_114","DIRAS3_121","DIRAS3_130","DIRAS3_137","DIRAS3_150","DIRAS3_157","DIRAS3_178","DIRAS3_182","DIRAS3_197","DIRAS3_206","DIRAS3_209","DIRAS3_213","DIRAS3_216","DIRAS3_222","DIRAS3_234","DIRAS3_239","DIRAS3_257","DIRAS3_278","FLJ0945_051","FLJ0945_058","FLJ0945_061","FLJ0945_066","FLJ0945_078","FLJ0945_084","FLJ0945_093","FLJ0945_102","FLJ0945_143","FLJ0945_149","FLJ0945_155","FLJ0945_201","FLJ0945_232","FLJ0945_236","GRIA2_033","GRIA2_047","GRIA2_082","GRIA2_089","GRIA2_091","GRIA2_095","GRIA2_102","GRIA2_106","GRIA2_124","GRIA2_160","GRIA2_163","GRIA2_179","GRIA2_222","GRIA2_231","HMG20B_058","HMG20B_104","HMG20B_107","HMG20B_111","HMG20B_141","HMG20B_163","HMG20B_165","HMG20B_168","HMG20B_176","HMG20B_183","HMG20B_201","HMG20B_235","HMG20B_238","HMG20B_259","HMG20B_264","HMG20B_281","KCNC4_037","KCNC4_040","KCNC4_046","KCNC4_049","KCNC4_088","KCNC4_094","KCNC4_097","KCNC4_100","KCNC4_119","KCNC4_123","KCNC4_139","KCNC4_151","KCNC4_155","KCNC4_162","KCNC4_166","KCNC4_178","KCNC4_187","KCNC4_190","KCNC4_193","KCNC4_211","KCNC4_217","KCNC4_221","KCNC4_223","KCNC4_228","KCNC4_235","KCNC4_238","KCNC4_241","KCNC4_247","KCNC4_259","KCNC4_264","KCNC4_272","KCNC4_282","KCNC4_294","KCNC4_309","KCNC4_311","KCNC4_316","KCNC4_322","PRDM12_029","PRDM12_035","PRDM12_038","PRDM12_041","PRDM12_043","PRDM12_051","PRDM12_055","PRDM12_067","PRDM12_078","PRDM12_081","PRDM12_105","PRDM12_123","PRDM12_135","PRDM12_144","PRDM12_149","PRDM12_155","PRDM12_159","PRDM12_183","PRDM12_205","PRDM12_214","PRDM12_217","PRDM12_253","PRDM12_261","PRDM12_277","PRDM12_282","PRDM12_289","PRDM12_292","PRDM12_295","PRDM12_298","PRDM12_304","PRDM12_308","PRDM12_312","PRDM12_316","PRDM12_320","PRDM12_325","TET2_107","TET2_116","TET2_118","TET2_139","TET2_151","TET2_159","TET2_182","VGF_030","VGF_036","VGF_045","VGF_049","VGF_065","VGF_075","VGF_079","VGF_081","VGF_084","VGF_090","VGF_107","VGF_109","VGF_111","VGF_119","VGF_128","VGF_133","VGF_144","VGF_168","VGF_172","VGF_176","VGF_186","VGF_194","VGF_201","VGF_214","VGF_225","VGF_230","VGF_232","VGF_238","VGF_240","VGF_267","VGF_326","VGF_330","VGF_365"
"1","z0018943",2204,2294,3332,4155,4353,4639,5574,5706,7042,7222,7557,7684,7776,7918,7921,7853,6894,6603,5111,4267,4079,3556,3485,3342,2975,2784,2223,1761,1997,2218,2255,2512,2881,3030,3239,3475,4159,4212,4335,3352,2309,2198,1212,1902,2581,2702,2749,2826,2968,3056,3501,3855,3776,3443,2692,2488,766,1583,1597,1655,2029,2166,2190,2205,2227,2106,1942,1326,1291,1029,964,739,3565,4196,4894,4971,7950,7932,7905,7976,7970,7933,7927,7859,7919,7880,7653,7764,7514,7518,7389,7117,6956,6946,6928,6812,6851,6858,6783,6707,6449,6356,6022,5526,4821,3646,3436,2805,2289,1339,1642,1680,1940,1989,2292,2478,2823,3200,3292,3899,4464,4663,4871,4968,5120,5104,4962,5143,5018,4931,4254,4005,3457,3242,2956,2886,2726,2640,2360,2192,1994,1885,1716,1501,2562,2648,2659,2491,2380,2261,1855,847,1082,1285,1309,1797,2198,2334,2354,2478,2612,3126,3184,3237,3547,3791,3872,4085,4199,4271,4315,4460,4559,4600,4562,4433,4520,4429,4436,4443,3912,2556,2363,1192
"2","z0018944",1083,1124,1622,2074,2154,2279,2741,2809,3449,3538,3664,3706,3734,3738,3747,3755,3229,3056,2222,1795,1696,1471,1452,1367,1250,1174,976,825,978,1087,1101,1239,1425,1522,1604,1701,2037,2065,2130,1710,1185,1119,636,1041,1412,1469,1503,1523,1584,1609,1802,1962,1922,1695,1266,1158,317,706,718,747,1000,1102,1109,1111,1115,1053,992,682,652,553,522,397,1159,1349,1454,1472,2101,2240,2307,2400,2848,2876,3198,3385,3434,3488,3359,3282,3148,3140,3089,2886,2833,2823,2819,2773,2685,2665,2606,2519,2207,2130,1928,1538,1165,770,725,563,481,620,743,759,872,885,1011,1093,1211,1355,1371,1584,1792,1849,1931,1971,2051,2023,1949,1986,1922,1881,1560,1416,1159,1075,967,947,878,850,735,675,614,574,499,416,1257,1289,1290,1263,1210,1151,958,374,465,541,545,711,866,911,917,974,1029,1259,1285,1317,1449,1555,1606,1728,1820,1863,1914,2003,2072,2088,2090,2032,2054,2027,2011,2013,1697,1065,964,497
"3","z0018945",1901,1972,2729,3369,3495,3725,4463,4589,5589,5698,5910,5931,5979,6012,6009,5970,5190,4958,3771,3177,3026,2637,2583,2410,2200,2065,1744,1433,2063,2290,2334,2618,3043,3241,3458,3739,4731,4833,5001,3989,2714,2564,1409,2131,2879,3010,3079,3155,3298,3372,3850,4286,4195,3840,3043,2814,1008,2154,2174,2275,2838,3083,3095,3096,3153,3034,2834,1864,1791,1411,1336,1039,2695,3123,3381,3411,4942,5274,5462,5659,6862,6988,7780,7881,7924,7906,7581,7420,7173,7147,7058,6586,6415,6349,6323,6166,5937,5856,5700,5445,4796,4573,4092,3279,2742,2001,1907,1523,1237,1272,1573,1612,1856,1899,2176,2338,2636,2946,2999,3508,3944,4109,4350,4456,4633,4610,4459,4597,4479,4399,3711,3491,2985,2770,2504,2435,2257,2175,1910,1747,1570,1471,1328,1136,2263,2306,2312,2190,2100,2004,1676,1081,1394,1659,1709,2378,2926,3120,3160,3333,3543,4279,4355,4414,4804,5135,5221,5503,5665,5755,5820,5981,6151,6208,6144,5992,6071,5984,5977,5974,5390,3696,3435,1741
"4","z0023316",1613,1687,2294,2810,2919,3084,3692,3776,4656,4788,4943,4999,5047,5132,5178,5193,4405,4188,3063,2512,2409,2081,2033,1925,1762,1654,1407,1189,1270,1412,1440,1614,1874,1976,2115,2254,2769,2812,2899,2303,1549,1460,893,1384,1827,1909,1957,2013,2081,2128,2438,2718,2676,2411,1868,1703,434,950,958,986,1281,1416,1425,1415,1436,1374,1244,859,836,680,647,521,1595,1835,1953,1974,2792,2939,3002,3100,3574,3631,4119,4407,4480,4522,4390,4261,4118,4110,4051,3797,3689,3646,3639,3582,3508,3498,3410,3289,2946,2847,2577,2060,1585,1101,1057,816,665,710,859,885,1025,1046,1183,1265,1412,1581,1611,1884,2120,2199,2329,2378,2455,2437,2368,2487,2431,2380,2047,1909,1615,1519,1412,1381,1303,1263,1123,1051,977,923,840,741,2141,2193,2206,2123,2075,1992,1683,617,791,949,966,1367,1685,1764,1778,1878,1972,2344,2379,2424,2610,2783,2829,2993,3054,3108,3154,3251,3329,3356,3300,3186,3260,3215,3224,3224,2930,1999,1849,968
"5","z0023317",1371,1423,2057,2596,2717,2920,3556,3634,4474,4612,4798,4848,4899,4954,4983,4953,4308,4116,3076,2508,2354,2036,1998,1835,1660,1529,1235,1031,2546,2819,2890,3256,3855,4100,4443,4873,6450,6581,6795,5424,3800,3587,1056,1688,2307,2426,2487,2569,2705,2799,3269,3666,3596,3236,2527,2324,606,1300,1327,1379,1841,2066,2067,2077,2129,2031,1883,1284,1241,982,934,716,1789,2093,2298,2326,3450,3673,3782,3937,4733,4806,5478,5856,5938,5988,5771,5643,5401,5343,5251,4920,4783,4745,4725,4640,4516,4453,4322,4136,3624,3454,3076,2452,1916,1280,1220,919,757,838,1002,1022,1192,1221,1383,1475,1651,1829,1851,2205,2542,2652,2821,2912,3023,3001,2814,2942,2863,2797,2304,2127,1817,1690,1534,1486,1392,1341,1163,1077,968,909,818,697,1956,2028,2034,1963,1903,1800,1466,613,790,924,948,1339,1675,1787,1798,1902,2004,2435,2472,2507,2752,2974,3028,3194,3301,3350,3406,3519,3633,3680,3611,3506,3569,3534,3511,3521,3081,2072,1897,992
"6","z0023318",1887,1960,2742,3414,3563,3780,4443,4538,5343,5446,5567,5614,5620,5664,5596,5552,4750,4513,3160,2466,2308,1946,1902,1816,1710,1639,1508,1294,2057,2297,2346,2602,2971,3102,3263,3494,4033,4032,4121,3455,2349,2227,932,1465,1822,1871,1913,1945,1999,2025,2214,2454,2425,2269,1931,1808,963,2008,2028,2105,2615,2876,2909,2909,2945,2850,2690,1907,1830,1497,1415,1120,2081,2360,2533,2561,3561,3754,3836,3958,4568,4601,5004,5214,5318,5335,5177,5038,4857,4824,4761,4358,4227,4201,4186,4104,3985,3921,3845,3660,3242,3101,2816,2306,1859,1336,1294,1019,847,854,1051,1077,1241,1279,1438,1545,1727,1933,1969,2320,2584,2657,2738,2787,2872,2851,2752,2773,2703,2642,2210,2038,1760,1668,1526,1492,1394,1353,1199,1120,1020,965,864,748,2116,2141,2144,2001,1930,1839,1569,1454,1879,2222,2301,3076,3688,3882,3909,4085,4284,5149,5225,5312,5773,6130,6273,6612,6895,6986,7097,7376,7584,7696,7647,7447,7505,7413,7360,7375,6840,4852,4521,2401
"7","z0023319",2574,2681,3730,4571,4779,5097,6060,6197,7578,7749,7955,7926,7884,7884,7820,7816,6854,6552,4933,4073,3883,3345,3275,3140,2874,2705,2293,1908,2738,3045,3118,3483,3953,4150,4397,4669,5499,5535,5670,4672,3216,3050,1292,2035,2691,2775,2822,2874,2985,3056,3405,3764,3719,3512,2935,2773,1246,2679,2724,2839,3532,3916,3960,3965,4047,3915,3635,2489,2391,1928,1814,1438,3699,4256,4792,4853,7255,7709,7900,7983,7959,7934,7907,7840,7886,7879,7606,7539,7339,7318,7252,6861,6663,6610,6592,6483,6324,6258,6161,6073,5773,5620,5284,4706,3991,3021,2873,2366,1959,1130,1376,1409,1628,1663,1914,2058,2345,2627,2670,3162,3544,3624,3758,3832,3933,3910,3866,3960,3900,3832,3257,3044,2610,2455,2243,2185,2068,2002,1770,1641,1490,1400,1256,1094,2666,2724,2736,2700,2637,2527,2152,1442,1874,2250,2340,3206,3853,4044,4102,4289,4527,5430,5526,5611,6077,6478,6631,6970,7340,7485,7603,7845,7917,7834,7766,7597,7684,7592,7583,7613,7031,4938,4613,2507
"8","z0023321",1151,1193,1743,2247,2328,2478,2980,3047,3583,3654,3749,3777,3747,3729,3664,3612,3065,2922,1946,1485,1406,1185,1152,1085,1017,955,896,800,1405,1550,1582,1740,1984,2063,2174,2279,2597,2603,2668,2195,1485,1402,863,1347,1662,1735,1762,1792,1841,1884,2140,2374,2342,2226,1897,1776,661,1433,1460,1505,1978,2159,2182,2173,2182,2093,1967,1285,1229,973,920,724,1783,2047,2265,2287,3308,3544,3621,3744,4377,4452,4780,5030,5083,5117,4917,4812,4619,4557,4493,4108,3974,3892,3878,3808,3683,3638,3555,3430,3073,2928,2652,2195,1766,1228,1161,925,739,526,622,635,728,745,856,921,1044,1178,1195,1394,1546,1598,1657,1682,1727,1716,1731,1787,1761,1724,1475,1374,1174,1113,1039,1024,962,931,837,778,717,677,614,540,1985,2045,2048,1937,1832,1742,1465,586,761,888,924,1301,1590,1675,1688,1794,1877,2237,2269,2296,2492,2655,2689,2804,2847,2888,2925,3063,3146,3179,3171,3086,3119,3082,3061,3067,2817,1875,1728,912
"9","z0027453",4417,4621,6535,7830,7985,7986,7947,7955,7927,7910,7959,7933,7875,7960,7874,7849,7030,6756,5274,4287,4195,3763,3752,3875,3964,3999,3939,3388,4060,4532,4639,5168,5897,6232,6666,7259,7873,7967,7925,6414,4309,4031,2210,3366,4718,4912,4992,5142,5389,5555,6395,7163,7051,6675,5426,5056,2114,4470,4521,4681,5656,6353,6389,6405,6456,6283,5822,4097,3962,3247,3047,2354,5507,6328,7221,7348,7914,7905,7883,7975,7959,7931,7908,7839,7881,7855,7582,7777,7739,7804,7732,7939,7915,7892,7907,7899,7934,7892,7811,7746,7458,7338,7052,6537,5736,4409,4171,3512,2886,2171,2769,2869,3303,3407,3953,4248,4933,5562,5674,6798,7746,7948,7966,7902,7893,7795,7658,7822,7661,7564,6467,6099,5339,5166,4813,4692,4508,4388,3955,3621,3260,3016,2738,2367,5721,5912,5921,5811,5589,5307,4325,2548,3335,4086,4320,5926,7059,7468,7557,7872,7981,7916,7962,7971,7933,7953,7955,7935,7810,7814,7889,7916,7918,7794,7916,7811,7980,7950,7974,7902,7901,6265,5964,3164
"10","z0027455",2420,2529,3645,4548,4760,5073,6188,6342,7829,7950,7993,7954,7892,7890,7848,7879,6821,6518,4964,4073,3876,3342,3267,3105,2852,2663,2393,2009,2483,2761,2820,3136,3617,3843,4104,4412,5397,5479,5647,4511,3107,2948,1703,2646,3635,3788,3859,3978,4164,4294,4830,5350,5271,4997,3935,3625,891,1811,1840,1906,2364,2610,2626,2636,2690,2594,2381,1631,1568,1275,1206,962,3236,3717,4144,4202,6391,6766,6993,7232,7972,7951,7912,7855,7898,7863,7602,7538,7325,7310,7224,6902,6751,6703,6694,6581,6439,6350,6192,5938,5479,5333,5008,4442,3735,2763,2617,2152,1749,1366,1724,1764,2018,2061,2387,2579,3025,3398,3466,4121,4678,4849,5083,5188,5375,5384,5313,5473,5353,5255,4425,4089,3493,3270,2974,2904,2707,2615,2300,2129,1917,1800,1611,1375,2629,2725,2732,2621,2493,2369,1977,1603,2075,2479,2563,3524,4261,4535,4585,4811,5072,6181,6302,6410,6986,7460,7623,7930,7815,7893,7904,7922,7919,7836,7844,7668,7804,7717,7694,7707,7103,5064,4801,2568
"11","z0033888",1162,1210,1813,2356,2463,2629,3164,3230,3875,3981,4099,4123,4103,4119,4176,4186,3618,3447,2464,1980,1881,1651,1617,1533,1396,1303,1136,946,1161,1269,1289,1430,1621,1714,1796,1896,2141,2147,2208,1741,1173,1091,563,922,1186,1232,1269,1308,1357,1393,1507,1647,1625,1525,1297,1197,590,1289,1300,1356,1759,1923,1942,1939,1963,1887,1758,1164,1129,881,830,688,1368,1559,1718,1734,2449,2608,2648,2760,3221,3260,3551,3704,3771,3818,3688,3627,3560,3557,3518,3353,3283,3253,3234,3189,3121,3086,3027,2917,2620,2537,2325,1864,1471,962,902,690,551,586,720,743,860,875,986,1057,1179,1304,1323,1559,1746,1784,1865,1905,1965,1948,1894,1967,1910,1871,1547,1428,1221,1141,1033,1017,953,924,820,755,693,656,586,499,1352,1399,1418,1340,1290,1237,1059,990,1262,1514,1561,2157,2625,2761,2786,2935,3099,3764,3827,3911,4279,4535,4610,4777,4862,4945,5006,5174,5296,5348,5293,5148,5199,5129,5104,5102,4595,3354,3129,1645
"12","z0033893",2269,2358,3402,4240,4440,4747,5742,5880,7095,7258,7465,7493,7460,7495,7459,7416,6500,6199,4584,3741,3547,2976,2912,2735,2539,2382,1975,1635,1817,1991,2026,2260,2604,2741,2913,3133,3669,3674,3777,3117,2114,1999,1187,1855,2364,2455,2509,2574,2663,2698,3036,3425,3399,3241,2675,2498,1157,2571,2599,2683,3371,3745,3771,3771,3838,3683,3406,2308,2231,1776,1681,1342,2439,2790,3038,3072,4439,4686,4832,4994,5901,5992,6601,6834,6915,6942,6719,6626,6407,6340,6265,5847,5715,5671,5653,5556,5358,5273,5151,4945,4377,4178,3757,3057,2415,1637,1548,1207,979,1144,1400,1439,1659,1701,1940,2096,2354,2625,2679,3152,3530,3649,3798,3898,4040,4042,3937,4046,3956,3892,3262,3060,2637,2491,2276,2227,2076,2006,1765,1627,1473,1389,1243,1089,3003,3104,3107,2950,2803,2670,2261,1035,1333,1567,1605,2203,2676,2822,2841,2988,3131,3696,3756,3815,4110,4378,4442,4654,4776,4852,4912,5060,5161,5217,5105,4953,5013,4931,4903,4886,4369,3030,2810,1470
"13","z0033898",1385,1446,2164,2803,2949,3137,3801,3887,4727,4851,5027,5052,5046,5082,5067,5034,4384,4167,2999,2400,2278,1982,1952,1842,1677,1569,1343,1113,1216,1330,1359,1516,1783,1927,2067,2235,2729,2745,2844,2390,1601,1494,590,1010,1290,1339,1371,1418,1456,1474,1673,1827,1806,1680,1305,1229,796,1687,1713,1770,2278,2497,2508,2528,2574,2493,2281,1582,1528,1217,1138,868,1454,1657,1798,1820,2574,2742,2822,2924,3413,3449,3804,3960,4018,4082,3959,3884,3797,3768,3722,3504,3411,3382,3382,3332,3206,3163,3090,2988,2693,2589,2326,1859,1425,926,883,666,529,613,758,774,924,955,1106,1196,1388,1577,1615,1928,2189,2251,2316,2371,2438,2431,2396,2468,2424,2370,2024,1891,1613,1505,1359,1328,1234,1187,1043,969,867,820,724,616,1500,1535,1541,1490,1473,1420,1218,1116,1438,1706,1759,2419,2906,3060,3090,3242,3396,4094,4163,4239,4616,4933,5022,5280,5316,5390,5452,5609,5711,5765,5683,5580,5658,5581,5547,5546,5078,3675,3414,1748
"14","z0033906",2597,2701,3969,4981,5206,5524,6786,6971,7946,7942,7984,7953,7906,7937,7907,7862,6804,6496,4785,3735,3490,2802,2710,2521,2207,2212,2174,1861,2180,2435,2493,2797,3240,3431,3643,3907,4791,4845,5025,3885,2723,2582,1123,1775,2453,2585,2638,2728,2859,2950,3408,3720,3641,3344,2582,2371,1003,2025,2045,2130,2682,2990,3001,3009,3043,2889,2627,1751,1695,1372,1293,996,3394,3966,4509,4574,6989,7480,7730,7988,7966,7945,7929,7847,7909,7848,7554,7513,7164,7121,7015,6585,6361,6260,6230,6110,5891,5806,5631,5552,5277,5157,4861,4342,3696,2640,2497,1976,1605,1070,1317,1352,1574,1611,1849,1997,2253,2555,2607,3077,3490,3638,3848,3953,4095,4077,3945,4089,3969,3893,3240,2993,2509,2329,2115,2073,1919,1847,1624,1481,1333,1246,1121,955,2788,2884,2900,2708,2587,2439,1983,1010,1280,1519,1561,2187,2701,2846,2873,3023,3194,3880,3945,4028,4432,4774,4883,5147,5287,5380,5484,5683,5823,5878,5793,5639,5736,5641,5619,5606,4928,3229,2971,1475
"15","z0033908",3024,3163,4659,5851,6155,6573,7935,7972,7938,7926,7963,7958,7901,7931,7863,7846,6799,6507,4865,3779,3493,2864,2793,2598,2601,2603,2492,2144,2377,2628,2696,2984,3487,3731,4003,4368,5650,5763,5941,4766,3325,3126,1469,2268,3103,3268,3333,3442,3625,3729,4225,4578,4474,4056,3130,2861,1786,3872,3930,4112,5092,5722,5772,5765,5807,5600,5164,3505,3384,2735,2562,1970,3793,4442,4928,5005,7737,7939,7908,7990,7963,7943,7906,7854,7913,7912,7533,7486,7209,7207,7114,6781,6580,6521,6467,6349,6271,6286,6210,6093,5799,5655,5337,4818,4155,3058,2897,2382,1975,1119,1392,1433,1666,1708,1963,2115,2434,2780,2834,3391,3849,3994,4195,4301,4462,4454,4357,4448,4297,4201,3496,3241,2699,2500,2257,2188,2044,1956,1707,1558,1402,1317,1172,998,3383,3466,3477,3332,3185,3016,2489,1219,1574,1874,1931,2665,3277,3471,3498,3699,3901,4781,4874,4967,5432,5833,5996,6343,6580,6701,6787,6999,7178,7260,7223,7083,7172,7076,7050,7061,6304,4165,3846,1877
"16","z0041286",1455,1528,2117,2572,2693,2835,3369,3453,4244,4354,4486,4518,4537,4552,4515,4496,3831,3613,2555,2121,2047,1800,1760,1690,1545,1470,1341,1155,2411,2696,2763,3080,3543,3730,3978,4244,4922,4927,5043,3986,2625,2464,1252,1912,2533,2638,2685,2748,2825,2871,3204,3618,3575,3376,2873,2710,946,2013,2039,2107,2589,2930,2968,2986,3040,2940,2765,1885,1808,1472,1388,1108,2575,2944,3130,3167,4641,4912,5101,5269,6254,6362,6945,7277,7393,7472,7213,7035,6896,6845,6780,6208,6033,5980,5943,5823,5609,5533,5410,5181,4513,4329,3881,3126,2426,1741,1687,1364,1138,761,940,964,1123,1149,1289,1395,1587,1774,1808,2113,2344,2438,2567,2598,2692,2652,2591,2669,2611,2567,2160,1994,1694,1596,1481,1450,1371,1320,1171,1082,974,928,839,718,2862,3000,3018,3105,3031,2895,2469,1038,1346,1595,1639,2234,2705,2848,2876,3023,3173,3798,3863,3932,4236,4456,4522,4744,5035,5122,5210,5413,5565,5614,5566,5458,5518,5453,5447,5452,5084,3743,3491,1835
"17","z0045921",1802,1884,2721,3370,3524,3756,4504,4617,5672,5821,6003,6023,6034,6104,6132,6108,5330,5054,3723,3116,2964,2608,2557,2410,2200,2064,1766,1486,1724,1913,1955,2176,2524,2669,2821,3021,3352,3350,3421,2760,1815,1695,950,1499,2004,2087,2129,2181,2244,2285,2581,2861,2837,2666,2266,2108,735,1646,1659,1723,2203,2393,2400,2387,2403,2314,2171,1444,1388,1094,1021,820,2315,2660,2921,2956,4285,4573,4698,4870,5692,5798,6322,6628,6717,6718,6493,6373,6175,6129,6027,5551,5364,5315,5291,5219,5061,4983,4864,4695,4182,3973,3587,2948,2328,1652,1575,1268,1037,812,1005,1030,1206,1229,1421,1535,1758,1979,2021,2362,2645,2704,2821,2877,2946,2918,2862,2910,2825,2771,2298,2136,1790,1656,1481,1444,1348,1294,1131,1050,948,894,784,650,2345,2448,2454,2454,2349,2218,1863,745,959,1118,1149,1563,1892,1989,2004,2100,2196,2617,2655,2707,2964,3134,3172,3333,3421,3458,3523,3703,3821,3842,3841,3795,3840,3792,3775,3754,3413,2453,2291,1183
"18","z0045925",2314,2404,3432,4302,4500,4820,5756,5897,7181,7350,7590,7630,7672,7766,7731,7703,6831,6518,4960,4132,3965,3492,3429,3261,3018,2840,2397,1978,1856,2057,2102,2343,2714,2867,3025,3205,3776,3812,3932,3138,2192,2085,1432,2226,2901,3018,3070,3152,3278,3352,3738,4163,4112,3937,3331,3117,1167,2543,2582,2677,3283,3655,3688,3695,3754,3620,3347,2346,2256,1808,1697,1329,2754,3191,3552,3594,5225,5592,5730,5935,7038,7113,7724,7868,7909,7910,7678,7599,7330,7281,7201,6748,6544,6474,6434,6330,6111,6024,5897,5649,5038,4838,4425,3666,2998,2115,2013,1580,1280,987,1210,1235,1426,1464,1656,1793,2057,2322,2370,2811,3156,3260,3428,3495,3615,3590,3501,3569,3471,3419,2944,2755,2363,2201,2003,1953,1830,1762,1549,1412,1282,1194,1079,924,2490,2568,2572,2471,2350,2224,1855,1085,1416,1680,1724,2324,2762,2896,2920,3054,3204,3894,3967,4048,4402,4655,4715,4910,5093,5211,5295,5477,5639,5744,5712,5608,5676,5602,5575,5565,5040,3534,3274,1658
"19","z0045928",2825,2936,4391,5544,5825,6236,7627,7833,7946,7942,7992,7957,7914,7965,7902,7865,6823,6504,4923,3870,3618,2973,2889,2704,2554,2532,2411,2045,2554,2853,2926,3306,3850,4109,4426,4815,6191,6307,6502,5028,3515,3326,1437,2260,3189,3369,3440,3551,3722,3850,4401,4847,4750,4364,3365,3076,1298,2899,2938,3067,3842,4301,4343,4368,4454,4327,4029,2720,2633,2123,1989,1524,4033,4741,5443,5533,7951,7941,7912,7980,7969,7949,7917,7849,7923,7894,7615,7817,7618,7645,7579,7472,7327,7440,7440,7530,7623,7648,7569,7463,7161,7014,6697,6132,5367,4078,3866,3138,2558,1474,1833,1891,2183,2234,2587,2805,3254,3735,3812,4548,5160,5384,5654,5767,5989,5989,5838,6019,5869,5757,4864,4507,3867,3620,3272,3188,2951,2823,2481,2258,2040,1913,1715,1468,3970,4087,4104,3873,3659,3415,2773,1232,1588,1911,1981,2714,3306,3505,3530,3714,3925,4802,4880,4967,5427,5833,5963,6317,6545,6660,6757,7026,7228,7309,7242,7068,7135,7038,6974,6985,6145,4008,3721,1831
"20","z0045931",1701,1758,2481,3079,3199,3407,4077,4180,5098,5211,5406,5456,5471,5513,5521,5520,4759,4514,3210,2592,2459,2136,2086,1976,1838,1766,1554,1301,1820,2020,2060,2293,2617,2732,2857,3039,3505,3519,3622,2919,2001,1882,1030,1630,2084,2150,2199,2250,2313,2357,2684,3019,2988,2839,2372,2217,1059,2310,2348,2443,2991,3312,3342,3343,3398,3285,3034,2096,2007,1621,1519,1224,2278,2636,2875,2907,4200,4435,4578,4709,5508,5576,6007,6279,6365,6429,6264,6194,5974,5932,5862,5484,5327,5287,5258,5171,5058,4994,4871,4687,4182,4020,3671,3042,2396,1651,1563,1233,1004,994,1215,1243,1442,1474,1668,1803,2055,2301,2340,2723,3066,3185,3335,3419,3517,3501,3373,3456,3349,3289,2819,2655,2282,2123,1929,1885,1768,1704,1501,1385,1259,1173,1057,907,2245,2320,2329,2281,2174,2065,1761,1024,1323,1543,1585,2145,2601,2757,2780,2917,3075,3661,3716,3786,4130,4380,4445,4660,4834,4944,5018,5224,5365,5483,5444,5305,5343,5274,5287,5304,4862,3491,3236,1684
"21","z0049046",1440,1497,2397,3244,3417,3673,4631,4738,5900,6060,6315,6392,6431,6497,6542,6533,5713,5454,3987,3134,2931,2449,2391,2160,1806,1655,1295,1104,1279,1449,1482,1727,2113,2310,2579,2879,3947,4027,4200,3526,2419,2240,778,1249,1670,1743,1787,1855,1906,1962,2241,2493,2474,2215,1653,1485,1126,2444,2473,2597,3294,3530,3554,3544,3541,3428,3110,1959,1871,1444,1355,1066,2228,2622,3137,3194,4973,5392,5587,5825,7065,7178,7929,7882,7906,7886,7693,7730,7407,7360,7238,6962,6765,6659,6625,6545,6367,6288,6131,5871,5193,4948,4464,3675,3044,2158,2027,1554,1227,1116,1354,1388,1591,1622,1840,1976,2238,2536,2587,3023,3430,3546,3687,3752,3868,3831,3782,4019,3885,3828,3250,3065,2713,2564,2363,2302,2173,2076,1847,1683,1506,1403,1268,1064,1858,1903,1900,1711,1579,1468,1212,1435,1834,2212,2307,3140,3762,3967,4011,4209,4438,5311,5407,5499,6154,6689,6839,7110,7074,7198,7330,7652,7883,7871,7893,7742,7785,7687,7611,7589,6747,4281,3910,1797
"22","z0049048",3141,3279,4672,5761,6023,6419,7630,7817,7920,7923,7966,7945,7884,7910,7881,7857,6957,6668,5095,4095,3861,3289,3218,3052,3007,2993,2852,2386,2640,2933,3012,3352,3823,4036,4302,4642,5711,5760,5928,5067,3484,3295,1631,2518,3381,3510,3573,3646,3768,3854,4366,4904,4850,4617,3879,3615,1537,3247,3288,3427,4219,4705,4743,4759,4810,4669,4352,3015,2908,2355,2214,1701,2899,3319,3565,3603,5266,5584,5808,6016,7160,7284,7918,7860,7904,7895,7625,7468,7241,7204,7139,6674,6492,6437,6406,6306,6116,6018,5846,5627,4971,4770,4329,3651,3057,2201,2091,1717,1427,1195,1483,1525,1761,1809,2079,2230,2557,2868,2923,3445,3877,3986,4189,4297,4466,4489,4462,4629,4534,4439,3815,3598,3176,3002,2748,2694,2544,2453,2179,2016,1822,1715,1532,1343,3211,3286,3295,3241,3179,3044,2568,1129,1463,1736,1793,2491,2996,3149,3179,3337,3512,4199,4281,4354,4749,5087,5191,5454,5604,5682,5737,5901,6085,6159,6158,6027,6104,6027,6009,6013,5657,4250,3940,2002
"23","z0049050",1505,1563,2159,2626,2732,2864,3389,3456,4235,4333,4444,4450,4475,4540,4541,4518,3890,3683,2601,2151,2072,1812,1779,1688,1571,1491,1306,1100,1602,1777,1817,2023,2298,2395,2524,2688,3025,3034,3102,2580,1737,1617,935,1459,1887,1948,1985,2030,2100,2163,2420,2648,2620,2457,2006,1888,698,1528,1551,1620,2146,2375,2406,2400,2435,2346,2193,1496,1441,1171,1101,859,1612,1849,1983,2008,2864,3034,3091,3203,3768,3809,4162,4349,4414,4456,4323,4257,4128,4099,4063,3795,3709,3696,3679,3639,3551,3521,3460,3350,3008,2905,2666,2213,1762,1210,1145,927,741,663,820,836,978,1003,1139,1231,1398,1570,1591,1839,2043,2126,2228,2268,2337,2336,2318,2402,2348,2311,1942,1800,1549,1457,1323,1298,1226,1186,1058,987,898,854,754,653,1994,2059,2066,2021,1952,1887,1605,633,808,958,982,1289,1574,1647,1662,1736,1829,2212,2238,2279,2438,2582,2627,2761,2813,2860,2897,2997,3104,3155,3122,3039,3063,3021,3017,3012,2793,2101,1955,1075
"24","z0049051",1760,1829,2588,3171,3330,3523,4182,4280,5238,5365,5536,5583,5594,5643,5622,5606,4833,4600,3312,2718,2598,2267,2228,2134,1954,1840,1578,1330,2242,2472,2519,2780,3174,3319,3504,3699,4158,4155,4230,3399,2283,2156,1185,1857,2518,2609,2671,2722,2831,2913,3297,3687,3646,3451,2803,2593,1008,2263,2290,2381,2988,3301,3328,3337,3405,3302,3078,2117,2037,1643,1535,1227,2412,2763,3030,3064,4403,4673,4811,4985,5896,5970,6500,6810,6906,6949,6733,6680,6475,6440,6374,6058,5928,5866,5855,5787,5643,5578,5447,5276,4710,4516,4143,3435,2714,1923,1822,1466,1196,906,1125,1147,1330,1367,1568,1699,1937,2192,2236,2603,2939,3003,3124,3181,3297,3297,3217,3301,3216,3161,2687,2511,2123,1977,1783,1733,1628,1569,1378,1277,1156,1098,979,848,2668,2783,2809,2705,2587,2460,2077,942,1188,1411,1453,1987,2402,2519,2550,2694,2832,3405,3463,3524,3826,4076,4147,4382,4556,4642,4746,4870,4981,5040,4948,4802,4840,4780,4742,4737,4330,3021,2799,1411
"25","z0049052",1787,1849,2745,3522,3690,3939,4749,4863,5838,5970,6204,6254,6252,6320,6335,6347,5536,5264,3794,3045,2888,2465,2414,2304,2156,2018,1702,1394,1574,1739,1771,1949,2216,2340,2461,2606,3012,3025,3130,2563,1724,1625,805,1277,1661,1718,1761,1790,1848,1900,2119,2298,2260,2096,1764,1643,774,1596,1608,1664,2106,2380,2399,2404,2432,2325,2162,1517,1467,1197,1123,902,2718,3155,3650,3694,5576,6012,6148,6356,7491,7584,7912,7839,7878,7875,7637,7570,7281,7197,7087,6543,6320,6218,6190,6071,5810,5724,5580,5319,4797,4657,4248,3751,3136,2234,2117,1682,1354,1141,1418,1460,1691,1742,2009,2190,2502,2851,2903,3482,3896,4061,4258,4333,4495,4473,4338,4367,4257,4177,3497,3277,2866,2691,2460,2396,2243,2159,1898,1733,1570,1461,1302,1111,2570,2630,2621,2450,2309,2195,1841,1011,1299,1533,1575,2177,2583,2716,2740,2880,3030,3610,3665,3719,4043,4312,4406,4616,4694,4784,4869,5028,5166,5213,5130,4966,4995,4933,4893,4881,4361,3046,2844,1537
"26","z0061425",1868,1950,2751,3446,3602,3828,4646,4767,5912,6062,6287,6368,6422,6513,6541,6549,5713,5463,4033,3289,3129,2687,2633,2471,2265,2123,1828,1521,1946,2176,2212,2476,2865,3021,3173,3374,3782,3766,3830,3096,2072,1963,1084,1705,2279,2369,2414,2468,2550,2613,2926,3138,3071,2867,2313,2135,943,2043,2077,2182,2733,3034,3049,3052,3071,2927,2708,1893,1836,1485,1387,1099,2411,2807,3069,3113,4575,4846,4952,5127,6183,6268,6893,7245,7357,7409,7184,7113,6893,6842,6768,6327,6127,6057,6040,5902,5675,5615,5465,5227,4560,4348,3904,3160,2467,1747,1669,1309,1076,732,906,931,1096,1119,1270,1379,1574,1777,1810,2134,2407,2507,2643,2731,2830,2839,2766,2827,2762,2716,2263,2108,1781,1650,1483,1460,1374,1314,1160,1080,983,927,817,699,2434,2518,2518,2446,2338,2221,1897,891,1152,1357,1399,1931,2318,2438,2463,2574,2714,3279,3339,3395,3690,3940,3986,4189,4290,4376,4431,4567,4699,4766,4780,4704,4771,4711,4702,4713,4297,2955,2727,1359
"27","z0071016",2447,2551,3485,4226,4394,4667,5559,5687,7001,7159,7354,7389,7385,7438,7416,7384,6370,6089,4657,3916,3747,3333,3274,3097,2834,2684,2259,1859,2101,2350,2402,2704,3083,3227,3410,3647,4244,4245,4384,3556,2438,2299,1353,2101,2838,2938,2994,3063,3168,3237,3673,4031,3980,3700,3084,2899,1173,2539,2577,2670,3275,3650,3689,3688,3755,3639,3387,2338,2245,1834,1739,1385,2340,2681,2873,2905,4237,4490,4622,4773,5612,5709,6297,6643,6746,6820,6623,6538,6361,6320,6242,5775,5626,5563,5540,5438,5265,5192,5065,4886,4338,4178,3814,3101,2426,1678,1588,1257,1001,1031,1287,1322,1531,1568,1793,1937,2206,2487,2529,3006,3387,3533,3739,3797,3935,3943,3889,4026,3927,3860,3253,3023,2609,2446,2234,2176,2045,1964,1727,1584,1435,1348,1204,1023,2856,2963,2974,3042,2957,2828,2400,1014,1305,1557,1593,2193,2708,2852,2879,3028,3192,3852,3923,3994,4354,4659,4748,4949,5096,5160,5229,5395,5544,5619,5598,5498,5576,5504,5478,5483,4958,3491,3223,1613
"28","z0075660",2658,2771,4002,4972,5211,5530,6703,6891,7935,7931,7985,7955,7910,7971,7894,7881,6918,6647,5014,3987,3764,3125,3035,2901,2660,2652,2627,2303,2497,2784,2849,3142,3600,3802,4049,4371,5427,5471,5646,4757,3303,3103,1358,2106,2721,2842,2893,2954,3065,3135,3579,4013,3965,3740,3122,2898,1258,2690,2720,2817,3462,3890,3921,3923,3957,3861,3575,2504,2408,1968,1859,1466,3313,3844,4365,4411,6593,7021,7202,7447,7967,7935,7906,7825,7864,7875,7625,7579,7353,7324,7238,6946,6756,6729,6713,6613,6450,6362,6232,5978,5616,5418,5078,4531,3802,2827,2680,2201,1809,1577,1988,2052,2382,2447,2834,3039,3455,3854,3913,4661,5320,5574,5864,6013,6243,6232,6085,6237,6108,6025,5152,4843,4264,4039,3726,3625,3415,3298,2941,2711,2454,2300,2080,1810,3053,3092,3097,2855,2743,2604,2156,1518,1954,2355,2453,3383,4078,4278,4322,4520,4748,5737,5834,5929,6405,6826,6986,7350,7573,7669,7768,7922,7925,7840,7777,7634,7714,7620,7604,7610,7011,4793,4482,2435
"29","z0075663",1679,1753,2735,3680,3893,4234,5184,5290,6366,6506,6716,6766,6771,6796,6804,6793,5941,5637,4113,3243,3051,2560,2489,2265,1984,1833,1383,1133,1354,1516,1543,1725,2013,2112,2238,2381,2687,2690,2755,2152,1516,1408,879,1410,1762,1833,1870,1915,1971,1970,2196,2426,2400,2219,1821,1712,2100,4364,4419,4577,5572,6055,6066,6066,6073,5887,5326,3400,3262,2542,2386,1814,2454,2864,3234,3284,4847,5278,5439,5690,6980,7089,7931,7883,7897,7925,7674,7635,7395,7315,7260,6858,6669,6600,6558,6419,6093,5976,5784,5492,4782,4522,3929,3075,2496,1685,1587,1195,925,2040,2537,2604,2991,3063,3520,3768,4356,4901,5003,5995,6813,7160,7510,7675,7905,7796,7615,7741,7502,7396,6325,5967,5218,4906,4492,4390,4136,3982,3604,3308,2981,2749,2469,2111,1524,1581,1590,1476,1387,1301,1091,1012,1314,1570,1623,2182,2608,2729,2750,2868,2993,3469,3521,3553,3794,3971,4020,4142,4249,4335,4421,4696,4902,5074,5205,5141,5184,5131,5119,5105,4813,3345,3070,1512
"30","z0075665",1714,1800,2508,3044,3175,3388,4142,4252,5300,5442,5657,5697,5704,5789,5846,5831,5118,4883,3648,3055,2908,2548,2498,2361,2163,2058,1725,1403,1963,2198,2239,2490,2880,3020,3211,3437,3963,3976,4068,3265,2228,2096,1519,2306,3033,3165,3218,3273,3356,3419,3858,4287,4224,3979,3293,3047,1155,2551,2585,2703,3394,3806,3848,3861,3899,3760,3538,2385,2288,1853,1727,1352,2305,2695,2892,2928,4151,4436,4570,4746,5707,5815,6559,7000,7107,7184,6978,6890,6672,6636,6557,6182,6021,5973,5946,5854,5652,5571,5445,5214,4566,4369,3885,3139,2429,1685,1615,1287,1075,906,1104,1133,1310,1334,1517,1634,1862,2094,2128,2537,2824,2932,3082,3174,3268,3268,3159,3259,3222,3168,2799,2652,2357,2253,2099,2047,1943,1881,1687,1574,1448,1379,1261,1107,2756,2888,2906,2882,2756,2648,2234,1608,2127,2588,2686,3702,4441,4682,4733,4956,5213,6178,6297,6411,7017,7518,7674,7898,7836,7895,7898,7930,7917,7823,7834,7720,7846,7742,7760,7787,7328,5524,5249,2823
"31","z0075676",1511,1575,2208,2747,2857,3031,3657,3738,4562,4658,4824,4868,4890,4917,4902,4826,4222,3990,2899,2392,2284,1979,1953,1814,1654,1550,1341,1125,1879,2091,2141,2378,2743,2897,3086,3327,3962,3978,4067,3325,2247,2126,1103,1735,2295,2368,2420,2475,2558,2622,2987,3310,3258,3048,2505,2345,997,2107,2133,2211,2762,3053,3075,3074,3109,3001,2774,1853,1772,1390,1290,1026,2151,2486,2743,2772,4110,4379,4522,4681,5578,5654,6117,6430,6527,6597,6407,6306,6098,6061,6001,5687,5569,5523,5521,5438,5286,5225,5097,4924,4412,4221,3834,3148,2487,1712,1607,1255,1029,851,1033,1066,1245,1272,1447,1576,1825,2053,2088,2457,2800,2924,3074,3125,3211,3193,3111,3203,3118,3063,2625,2465,2109,1973,1805,1771,1677,1599,1416,1320,1194,1146,1025,889,2521,2604,2603,2494,2385,2264,1930,858,1099,1301,1344,1856,2246,2364,2379,2485,2609,3067,3090,3141,3417,3626,3680,3845,3919,3993,4047,4248,4393,4498,4457,4370,4416,4349,4332,4342,4011,2821,2586,1326
"32","z0075677",1679,1744,2559,3267,3416,3665,4476,4583,5548,5681,5897,5950,5963,6040,6109,6105,5422,5185,3899,3220,3057,2704,2659,2495,2252,2089,1719,1371,2030,2286,2338,2642,3084,3271,3536,3837,4720,4780,4931,3992,2672,2497,1721,2670,3591,3732,3801,3920,4058,4142,4731,5298,5227,4921,4065,3788,1072,2398,2417,2497,3088,3407,3438,3437,3527,3401,3127,2080,2002,1605,1530,1206,2555,2954,3278,3334,4929,5257,5446,5655,6827,6934,7583,7878,7905,7911,7677,7585,7383,7340,7250,6831,6652,6573,6545,6454,6259,6178,6019,5782,5119,4871,4412,3644,2874,2038,1930,1538,1249,828,1002,1024,1189,1212,1392,1506,1689,1895,1927,2258,2532,2598,2710,2766,2857,2844,2756,2880,2803,2756,2404,2251,1910,1785,1628,1602,1506,1439,1274,1172,1072,1005,904,782,2203,2239,2242,2173,2056,1964,1655,871,1096,1309,1352,1841,2218,2342,2371,2499,2637,3128,3188,3238,3522,3729,3777,3928,4014,4068,4162,4307,4441,4496,4537,4429,4459,4407,4358,4363,4009,2832,2634,1392
"33","z0075678",1842,1915,2545,2989,3110,3266,3896,3993,4981,5108,5257,5321,5338,5362,5295,5239,4398,4185,2986,2454,2348,2020,1974,1829,1673,1587,1360,1145,1549,1710,1746,1968,2316,2459,2626,2837,3512,3550,3649,3130,2172,2039,750,1180,1647,1725,1762,1836,1878,1906,2088,2268,2252,2101,1686,1549,849,1996,2035,2136,2712,3038,3051,3053,3103,3026,2850,1965,1903,1543,1453,1135,2222,2522,2673,2699,3896,4115,4248,4401,5259,5353,5895,6201,6300,6338,6150,6051,5928,5897,5850,5512,5387,5335,5305,5214,5046,4990,4864,4676,4106,3895,3501,2840,2200,1577,1505,1203,995,883,1092,1116,1301,1331,1512,1626,1823,2027,2055,2359,2711,2793,2925,2981,3104,3074,3044,3183,3143,3080,2710,2536,2217,2104,1955,1910,1806,1741,1577,1461,1322,1263,1157,1020,1308,1324,1331,1303,1299,1264,1114,834,1075,1269,1309,1783,2136,2244,2271,2397,2534,3034,3083,3117,3413,3635,3696,3841,3895,3949,3996,4130,4257,4346,4356,4226,4226,4168,4149,4150,3819,2801,2572,1321
"34","z0091082",2371,2467,3266,3882,4027,4237,4941,5053,6051,6188,6333,6338,6274,6233,6157,6097,5124,4854,3512,2928,2816,2452,2398,2300,2084,1971,1598,1323,2966,3306,3379,3768,4241,4427,4646,4872,5240,5180,5247,4129,2839,2682,1632,2453,3195,3329,3393,3469,3552,3614,3883,4166,4100,3882,3390,3217,1367,3062,3097,3198,3941,4319,4348,4357,4427,4281,3940,2665,2564,2032,1897,1456,3485,4018,4383,4433,6671,7132,7397,7661,7961,7944,7904,7857,7893,7894,7556,7496,7269,7235,7162,6750,6612,6574,6545,6433,6235,6141,5983,5798,5473,5355,5043,4470,3768,2790,2647,2137,1750,1328,1633,1677,1937,1989,2270,2442,2797,3126,3179,3664,4055,4164,4315,4357,4484,4473,4392,4448,4317,4225,3510,3281,2776,2602,2361,2304,2147,2059,1808,1657,1493,1398,1241,1064,2703,2857,2898,3017,2976,2866,2465,1040,1323,1540,1586,2078,2445,2552,2572,2685,2809,3296,3352,3390,3625,3759,3798,3962,4230,4332,4439,4698,4864,4990,5049,4974,5033,4981,4993,5006,4759,3441,3193,1673
"35","z0091085",679,702,916,1095,1128,1187,1408,1446,1823,1875,1918,1932,1955,1970,1941,1937,1584,1488,935,781,754,669,659,621,592,557,523,461,1247,1356,1370,1498,1715,1802,1906,2029,2197,2198,2250,1866,1293,1214,505,842,1149,1185,1215,1245,1288,1305,1477,1612,1593,1447,1169,1105,397,795,797,826,1058,1160,1161,1163,1171,1111,1031,698,668,553,519,404,1035,1163,1238,1247,1719,1790,1825,1887,2184,2229,2410,2504,2542,2582,2492,2445,2407,2391,2358,2191,2115,2110,2099,2060,1987,1965,1921,1849,1647,1576,1425,1133,891,588,563,426,347,399,484,498,569,587,661,718,827,922,933,1052,1173,1216,1259,1277,1333,1304,1310,1349,1320,1282,1074,1006,813,752,683,665,614,597,531,502,457,445,404,362,1040,1093,1110,1128,1104,1072,913,739,927,1091,1110,1521,1816,1927,1941,2034,2131,2524,2572,2604,2832,2999,3052,3176,3262,3316,3361,3455,3552,3616,3576,3497,3528,3479,3474,3477,3249,2416,2231,1170
"36","z0091086",3197,3335,4616,5594,5839,6197,7444,7615,7927,7921,7971,7932,7872,7926,7886,7876,6809,6490,4943,4032,3834,3285,3238,3093,3032,3052,3016,2631,3412,3832,3916,4366,5031,5339,5778,6278,7655,7729,7907,6392,4405,4115,1964,2966,4113,4287,4358,4474,4647,4754,5413,6000,5915,5641,4664,4346,1008,2244,2264,2364,2940,3265,3285,3296,3346,3207,2946,2028,1963,1632,1545,1201,2832,3238,3441,3468,5054,5355,5524,5689,6660,6747,7383,7789,7921,7912,7661,7529,7345,7306,7218,6637,6435,6381,6361,6245,6055,5981,5857,5650,4994,4797,4314,3465,2722,2015,1924,1563,1284,87,102,104,117,118,128,141,166,189,195,240,273,278,287,289,300,298,302,315,307,303,246,234,184,175,160,156,149,144,129,122,109,105,90,80,3732,3901,3934,4034,3961,3809,3204,1460,1894,2273,2351,3203,3839,4036,4074,4253,4481,5312,5395,5481,5971,6347,6453,6737,7131,7267,7393,7657,7907,7845,7878,7720,7839,7725,7732,7738,7157,5177,4817,2541
"37","z0091275",1025,1070,1417,1675,1742,1837,2212,2261,2780,2854,2936,2960,2997,3006,2981,2941,2389,2253,1594,1345,1286,1116,1091,1009,905,865,705,602,873,966,983,1107,1260,1321,1387,1480,1610,1609,1637,1287,877,812,673,1065,1471,1519,1550,1587,1662,1707,1955,2105,2063,1834,1350,1213,442,916,926,963,1247,1370,1379,1376,1393,1312,1235,815,776,627,596,484,1449,1648,1752,1773,2531,2671,2737,2832,3336,3373,3760,4004,4089,4155,4032,3977,3901,3889,3856,3617,3497,3467,3441,3371,3278,3252,3170,3021,2651,2550,2307,1831,1411,968,919,735,615,459,541,560,652,670,767,840,992,1126,1143,1309,1457,1517,1610,1639,1683,1659,1576,1608,1558,1522,1281,1184,952,857,768,746,712,682,591,537,478,451,397,335,1303,1373,1391,1414,1382,1336,1173,348,428,489,496,693,886,931,937,986,1029,1252,1273,1294,1405,1504,1537,1619,1663,1686,1711,1768,1812,1812,1791,1743,1762,1748,1734,1744,1470,1043,949,460
"38","z0091276",2245,2340,3310,4112,4304,4595,5677,5830,7357,7574,7879,7956,7924,7933,7830,7811,6812,6507,4874,3974,3760,3198,3105,2931,2671,2520,2134,1836,1872,2068,2108,2355,2762,2934,3153,3424,4189,4198,4349,3521,2376,2220,1781,2709,3585,3741,3816,3932,4119,4228,4978,5759,5696,5392,4315,3966,1075,2391,2420,2517,3178,3463,3483,3478,3513,3377,3125,2071,1991,1623,1533,1209,3405,3911,4271,4333,6457,6821,7007,7222,7964,7949,7904,7849,7894,7886,7612,7491,7234,7196,7129,6688,6514,6415,6378,6282,6144,6043,5893,5659,5205,5060,4735,4177,3489,2551,2417,1972,1619,1214,1507,1543,1813,1851,2125,2279,2580,2884,2942,3448,3895,4052,4210,4324,4466,4441,4496,4700,4598,4513,3799,3557,3051,2869,2619,2541,2389,2312,2053,1904,1716,1598,1431,1222,2663,2769,2777,2711,2651,2554,2181,1164,1513,1824,1885,2576,3140,3307,3353,3522,3704,4381,4469,4526,4915,5233,5312,5557,5746,5868,5956,6172,6378,6462,6475,6372,6455,6362,6354,6347,5816,4094,3784,1933
"39","z0091277",1895,1986,2592,2999,3106,3252,3820,3929,4903,5013,5167,5190,5195,5225,5153,5082,4211,3989,2873,2442,2361,2099,2038,1939,1765,1671,1391,1151,2177,2425,2482,2767,3160,3318,3530,3805,4499,4524,4637,3843,2657,2502,1393,2130,2852,2968,3038,3143,3292,3383,3820,4210,4165,3935,3319,3091,1051,2325,2364,2427,3091,3434,3478,3487,3556,3444,3198,2214,2126,1761,1659,1297,2489,2852,3060,3097,4425,4637,4774,4946,5869,5986,6511,6843,6950,7000,6830,6724,6564,6536,6469,5992,5809,5745,5721,5621,5491,5415,5309,5079,4439,4225,3831,3179,2519,1782,1690,1380,1129,972,1190,1217,1411,1439,1641,1770,2023,2279,2325,2736,3083,3191,3332,3413,3504,3468,3388,3513,3414,3355,2833,2664,2293,2148,1955,1900,1765,1704,1507,1401,1279,1210,1078,931,2554,2672,2694,2761,2726,2634,2269,1107,1441,1701,1744,2374,2869,3017,3052,3209,3390,4029,4104,4169,4516,4759,4823,5064,5261,5343,5389,5569,5725,5806,5808,5715,5787,5701,5707,5711,5357,3868,3589,1830
"40","z0091284",2908,3036,4407,5520,5796,6210,7445,7660,7923,7935,7981,7939,7897,7936,7897,7895,7008,6690,5083,4071,3813,3243,3181,3002,2855,2868,2796,2374,2182,2422,2476,2757,3180,3359,3595,3862,4837,4869,5023,4131,2745,2583,1186,1878,2434,2497,2548,2583,2660,2717,3087,3487,3444,3219,2661,2501,1150,2458,2491,2589,3179,3488,3513,3524,3570,3455,3197,2141,2061,1694,1589,1262,4007,4675,5375,5451,7930,7925,7898,7979,7956,7936,7915,7844,7885,7903,7669,7809,7683,7714,7673,7547,7394,7396,7352,7392,7398,7376,7270,7171,6782,6619,6210,5640,4902,3756,3568,2938,2417,1305,1633,1676,1944,2007,2326,2517,2859,3201,3248,3838,4345,4510,4713,4813,5019,5022,4987,5100,4983,4886,4214,3941,3444,3226,2946,2878,2699,2597,2281,2066,1870,1736,1560,1343,2927,3017,3023,2888,2729,2594,2154,1134,1441,1723,1785,2464,2999,3145,3172,3325,3481,4246,4312,4386,4796,5148,5254,5510,5667,5777,5871,6052,6161,6229,6157,6018,6082,6013,5961,5949,5372,3737,3449,1660
"41","z0091285",960,1000,1399,1714,1778,1867,2202,2255,2800,2867,2966,3000,3020,3029,3017,3003,2487,2335,1622,1333,1274,1101,1081,983,839,764,552,439,1026,1123,1147,1265,1457,1538,1611,1709,1967,1968,2022,1616,1161,1091,483,755,1017,1077,1115,1160,1213,1240,1378,1479,1449,1275,915,854,440,963,981,1016,1289,1505,1522,1521,1532,1480,1381,972,933,743,697,549,1074,1244,1316,1326,1895,2022,2072,2153,2576,2611,2986,3186,3214,3273,3169,3148,3071,3086,3050,2912,2847,2811,2794,2736,2646,2622,2550,2456,2167,2094,1858,1432,1079,666,633,469,377,500,611,626,726,738,841,901,1022,1152,1162,1331,1486,1520,1585,1633,1686,1658,1685,1758,1703,1663,1382,1247,1001,910,808,782,719,687,597,555,494,469,411,345,958,981,978,959,945,915,783,578,730,834,842,1126,1356,1421,1434,1504,1564,1827,1850,1880,2027,2148,2175,2262,2323,2359,2395,2553,2645,2699,2691,2665,2695,2662,2660,2654,2431,1738,1564,801
"42","z0091286",1240,1296,1785,2177,2258,2382,2791,2865,3533,3641,3766,3817,3835,3860,3855,3850,3301,3130,2202,1821,1755,1533,1512,1445,1302,1236,1051,889,1726,1915,1955,2184,2502,2585,2720,2882,3362,3346,3449,2829,1925,1823,1027,1580,2090,2157,2206,2249,2329,2388,2693,2886,2838,2636,2136,1979,711,1590,1599,1664,2056,2252,2251,2256,2308,2229,2063,1412,1370,1125,1061,862,1577,1784,1898,1920,2691,2860,2913,3021,3578,3614,3995,4218,4286,4329,4172,4099,3989,3976,3936,3692,3600,3556,3534,3470,3347,3304,3224,3089,2718,2583,2327,1875,1470,1050,1010,787,641,733,903,923,1068,1090,1233,1321,1496,1678,1714,1972,2191,2278,2397,2447,2525,2497,2454,2524,2464,2407,2029,1890,1599,1493,1371,1338,1268,1224,1115,1054,965,911,823,730,1779,1827,1836,1821,1798,1736,1487,531,675,797,817,1115,1372,1447,1457,1547,1621,1929,1952,1990,2133,2289,2318,2437,2501,2536,2558,2655,2732,2765,2743,2681,2696,2662,2654,2653,2402,1715,1600,832
"43","z0092243",1883,1969,2614,3074,3195,3357,3905,4010,4945,5075,5252,5309,5338,5364,5296,5229,4363,4143,2998,2514,2426,2098,2060,1944,1736,1636,1391,1182,2436,2712,2775,3088,3529,3722,4006,4333,5343,5396,5539,4531,3119,2934,1300,2029,2767,2884,2940,3022,3159,3247,3716,4077,4028,3801,2992,2762,890,1889,1917,1987,2543,2864,2881,2875,2920,2820,2616,1855,1797,1495,1413,1093,2348,2705,2880,2919,4237,4478,4626,4767,5516,5592,6137,6417,6496,6536,6351,6169,5966,5936,5860,5385,5219,5164,5136,5026,4873,4806,4683,4498,3982,3805,3456,2808,2212,1537,1484,1179,999,896,1118,1146,1334,1361,1558,1678,1919,2161,2198,2597,2901,2987,3124,3185,3301,3266,3157,3213,3137,3068,2514,2318,1948,1815,1646,1603,1500,1449,1269,1158,1047,978,867,748,2678,2739,2746,2703,2640,2527,2165,934,1192,1415,1443,1952,2386,2524,2543,2697,2847,3451,3526,3583,3907,4185,4271,4498,4594,4666,4728,4851,5032,5113,5108,5005,5052,4996,4963,4984,4541,3279,3036,1537
"44","z0092256",1591,1679,2227,2575,2671,2796,3329,3437,4202,4305,4413,4471,4502,4496,4451,4384,3608,3419,2420,2021,1926,1666,1635,1528,1449,1373,1208,1054,1940,2166,2214,2480,2829,2966,3118,3317,3851,3872,3961,3233,2205,2071,1156,1796,2374,2461,2509,2557,2644,2692,3021,3327,3267,3043,2470,2291,774,1633,1647,1713,2156,2366,2377,2387,2386,2284,2139,1525,1474,1197,1118,871,1768,2025,2137,2154,2978,3139,3222,3345,4004,4054,4557,4821,4904,4943,4803,4670,4553,4541,4498,4198,4094,4052,4035,3947,3837,3796,3707,3527,3088,2944,2660,2147,1663,1129,1077,857,686,989,1245,1275,1480,1513,1719,1847,2101,2353,2398,2839,3178,3267,3423,3508,3631,3611,3473,3637,3581,3531,2980,2797,2376,2243,2025,1973,1821,1761,1533,1408,1270,1202,1077,925,2100,2153,2155,2133,2105,2039,1768,1202,1555,1864,1936,2622,3178,3337,3381,3544,3751,4587,4673,4752,5175,5558,5668,5988,6153,6240,6318,6491,6677,6791,6716,6598,6694,6608,6594,6591,6059,4297,3985,2043
"45","z0098734",1870,1960,2850,3618,3766,4023,4788,4890,5973,6130,6395,6504,6577,6676,6757,6766,5922,5658,4266,3512,3312,2855,2803,2635,2362,2217,1820,1490,2004,2239,2279,2564,2968,3154,3404,3693,4652,4705,4856,3899,2623,2467,1350,2131,2963,3092,3156,3238,3399,3496,4020,4456,4376,3958,3061,2792,782,1681,1703,1770,2241,2485,2487,2487,2530,2413,2227,1592,1541,1258,1179,919,2779,3231,3498,3551,5344,5706,5914,6109,7282,7393,7937,7893,7911,7870,7599,7445,7216,7175,7078,6655,6455,6373,6352,6233,6068,5992,5821,5531,4782,4542,4082,3497,2984,2159,2034,1632,1349,950,1170,1201,1394,1419,1633,1762,2006,2280,2324,2740,3132,3277,3456,3539,3699,3715,3564,3641,3575,3501,3023,2825,2434,2284,2074,2027,1907,1824,1620,1491,1363,1282,1159,1040,2752,2799,2797,2692,2587,2462,1999,1407,1817,2178,2264,3107,3745,3950,3998,4194,4455,5395,5502,5594,6107,6594,6729,7099,7341,7450,7536,7745,7928,7857,7835,7704,7838,7739,7756,7760,6939,4539,4183,2150
"46","z0098735",3623,3776,5264,6340,6642,7047,7949,7962,7923,7920,7958,7931,7869,7927,7835,7842,6809,6505,4808,3826,3600,3036,2964,3006,3111,3143,3111,2727,2726,3036,3103,3459,3952,4175,4470,4834,5918,5991,6168,5104,3412,3190,2014,3063,4151,4316,4393,4505,4710,4818,5498,6063,5982,5745,4695,4381,1716,3657,3702,3814,4655,5186,5234,5249,5321,5177,4825,3307,3182,2579,2420,1875,3189,3656,3953,3996,5999,6358,6553,6756,7896,7958,7905,7855,7889,7887,7615,7510,7285,7233,7131,6642,6479,6424,6407,6298,6129,6044,5911,5684,5011,4788,4455,3899,3291,2449,2329,1902,1572,2075,2605,2679,3068,3158,3628,3916,4462,5005,5103,6069,6837,7120,7463,7638,7913,7813,7663,7827,7650,7553,6436,6037,5234,4948,4559,4429,4162,4026,3613,3342,3013,2811,2566,2240,4268,4392,4407,4291,4138,3926,3260,1589,2061,2479,2577,3537,4252,4495,4549,4779,5054,6027,6148,6243,6782,7235,7405,7761,7822,7899,7906,7926,7921,7827,7884,7698,7796,7698,7687,7693,7299,5359,5102,2832
"47","z0098736",1923,1993,2820,3526,3695,3940,4756,4866,5984,6146,6416,6524,6591,6709,6773,6775,5884,5612,4121,3341,3151,2640,2556,2430,2219,2082,1801,1487,1466,1625,1650,1829,2088,2216,2347,2485,2926,2930,3014,2415,1634,1527,883,1408,1876,1944,1984,2036,2115,2167,2441,2651,2611,2425,1965,1824,548,1124,1140,1180,1555,1713,1733,1734,1758,1687,1582,1042,991,797,750,572,2227,2605,2982,3019,4574,4914,5040,5221,6124,6196,6684,6908,6980,6994,6830,6733,6443,6381,6277,5837,5644,5580,5562,5459,5241,5188,5072,4872,4388,4223,3869,3214,2553,1806,1708,1373,1116,750,925,953,1125,1151,1316,1438,1624,1833,1863,2215,2495,2592,2690,2729,2811,2784,2745,2800,2718,2664,2199,2057,1740,1640,1486,1456,1360,1301,1141,1058,949,888,807,703,1939,2011,2018,1898,1802,1734,1472,1011,1277,1520,1559,2137,2584,2701,2732,2862,3013,3598,3653,3707,4029,4328,4405,4604,4697,4783,4853,5040,5199,5295,5301,5209,5273,5201,5216,5233,4825,3380,3129,1660
"48","z0098737",656,683,871,1039,1073,1131,1359,1399,1897,1947,2024,2059,2071,2084,2069,2038,1635,1525,1027,850,812,693,683,640,555,505,382,326,1313,1462,1492,1714,2005,2104,2222,2386,2748,2759,2849,2205,1570,1468,1282,1906,2374,2451,2501,2563,2633,2673,2915,3126,3082,2778,2199,2049,1509,3470,3522,3655,4628,5097,5142,5145,5246,5155,4738,3048,2922,2283,2152,1670,2311,2605,2985,3028,4440,4764,4908,5112,6053,6129,6648,6949,7017,7029,6840,6798,6535,6488,6375,5966,5794,5736,5707,5643,5468,5415,5278,5057,4493,4270,3855,3076,2345,1595,1482,1130,895,1308,1615,1667,1916,1975,2277,2457,2827,3153,3220,3702,4184,4375,4622,4734,4954,4932,4865,5016,4915,4820,4281,4092,3770,3569,3305,3229,3046,2963,2679,2488,2292,2145,1974,1746,789,816,817,854,853,826,713,1288,1684,1995,2062,2830,3511,3692,3735,3951,4173,5095,5183,5269,5796,6267,6397,6706,6977,7092,7213,7504,7718,7852,7897,7769,7859,7771,7746,7770,7279,5184,4829,2336
"49","z0098738",2617,2725,4039,5123,5392,5753,6909,7085,7942,7920,7956,7943,7882,7887,7822,7806,6768,6442,4725,3716,3475,2933,2851,2666,2423,2388,2322,2006,2150,2415,2464,2769,3213,3378,3578,3826,4657,4693,4818,3910,2668,2510,1202,1926,2561,2663,2727,2785,2895,2967,3387,3778,3748,3520,2977,2768,1039,2152,2168,2237,2748,3069,3090,3092,3153,3044,2835,1973,1889,1504,1400,1107,3602,4213,4819,4889,7508,7929,7897,7979,7966,7926,7912,7843,7896,7896,7689,7809,7593,7605,7545,7324,7136,7059,7040,6890,6638,6617,6528,6400,6028,5862,5496,4954,4229,3183,3027,2436,1980,1264,1586,1633,1890,1943,2229,2395,2749,3096,3156,3732,4279,4424,4608,4690,4855,4856,4792,4934,4776,4676,3951,3682,3188,2993,2732,2673,2488,2404,2106,1928,1734,1622,1452,1256,3077,3144,3147,2995,2837,2699,2265,894,1145,1364,1400,1928,2336,2464,2484,2619,2752,3326,3379,3452,3774,4036,4103,4294,4413,4501,4570,4740,4880,4966,4963,4847,4914,4856,4851,4850,4446,3147,2904,1479
"50","z0098740",1553,1602,2656,3689,3898,4261,5324,5462,6737,6899,7108,7125,7126,7193,7181,7117,6372,6084,4531,3539,3280,2693,2607,2365,2056,1898,1525,1279,992,1132,1156,1383,1711,1865,2074,2311,3209,3251,3386,2834,1867,1696,778,1229,1468,1554,1588,1626,1661,1679,1901,2189,2196,2017,1648,1476,850,1721,1747,1826,2421,2538,2526,2508,2524,2416,2162,1316,1246,978,918,727,2369,2747,3283,3338,5121,5691,5917,6176,7607,7744,7926,7854,7900,7888,7673,7744,7432,7362,7280,6840,6546,6412,6360,6221,5883,5759,5557,5262,4561,4290,3831,3288,2637,1765,1645,1207,927,728,880,907,1043,1059,1183,1244,1400,1574,1598,1924,2171,2233,2342,2399,2496,2456,2500,2645,2578,2524,2181,2060,1797,1689,1533,1506,1425,1356,1191,1095,974,907,809,695,2274,2294,2306,2099,1969,1836,1499,578,727,849,875,1186,1464,1536,1553,1665,1743,2009,2046,2073,2327,2523,2558,2631,2563,2574,2628,2762,2860,2957,2971,2895,2912,2890,2896,2895,2587,1739,1577,726
"51","z0098744",4025,4209,5976,7228,7595,7980,7937,7945,7913,7911,7965,7942,7869,7963,7866,7873,6904,6637,5037,3903,3640,3225,3206,3289,3341,3397,3387,3012,3053,3406,3487,3865,4396,4589,4884,5264,6447,6516,6702,5806,3992,3764,2121,3309,4539,4697,4771,4872,5084,5202,5985,6671,6578,6285,5308,5014,1791,3745,3792,3948,4867,5387,5441,5452,5534,5363,4992,3520,3398,2768,2612,2012,4434,5120,5706,5783,7924,7915,7872,7978,7953,7921,7883,7809,7885,7893,7604,7674,7594,7602,7574,7371,7231,7298,7277,7292,7287,7273,7139,6983,6512,6340,5974,5408,4633,3503,3343,2744,2257,1553,1951,2007,2302,2364,2716,2905,3325,3734,3815,4570,5180,5379,5612,5726,5922,5908,5741,5959,5833,5742,4895,4619,4055,3833,3498,3421,3211,3108,2760,2555,2328,2189,1989,1731,6360,6484,6500,6237,5967,5655,4544,1107,1430,1682,1732,2377,2877,3035,3070,3229,3422,4170,4243,4287,4651,4990,5087,5335,5510,5607,5656,5849,5970,6020,5912,5760,5838,5759,5727,5738,5345,3845,3599,1942
"52","z0098745",2216,2305,3306,4118,4285,4556,5491,5616,6900,7078,7293,7324,7306,7373,7391,7383,6521,6211,4647,3827,3639,3162,3091,2919,2687,2550,2274,1887,2092,2322,2374,2638,3005,3102,3300,3530,4116,4112,4227,3513,2380,2251,1205,1899,2446,2512,2564,2623,2696,2745,3074,3430,3376,3146,2621,2491,779,1686,1711,1777,2276,2536,2567,2561,2585,2489,2354,1579,1510,1226,1156,914,2863,3314,3741,3801,5575,5957,6129,6351,7483,7616,7917,7837,7891,7888,7648,7536,7244,7169,7062,6579,6369,6282,6247,6118,5920,5845,5708,5457,4837,4622,4167,3645,3048,2195,2082,1680,1361,975,1195,1229,1427,1461,1665,1801,2027,2254,2289,2676,3011,3104,3234,3286,3390,3359,3334,3411,3326,3269,2752,2567,2210,2091,1921,1892,1790,1721,1533,1404,1273,1203,1082,941,2602,2677,2701,2561,2432,2340,1967,530,672,775,792,1108,1342,1422,1438,1509,1608,1920,1942,1966,2083,2175,2192,2276,2363,2404,2449,2530,2600,2648,2617,2559,2572,2544,2518,2531,2295,1712,1573,821
"53","z0098746",2910,3049,4230,5058,5277,5597,6722,6894,7939,7926,7966,7934,7875,7932,7874,7888,6936,6643,5030,4095,3865,3319,3242,3086,2831,2847,2793,2412,2868,3180,3251,3599,4033,4204,4483,4830,5689,5694,5825,4865,3356,3166,1862,2867,3837,3970,4044,4124,4280,4358,4943,5499,5424,5190,4275,4000,1916,4122,4176,4333,5360,6011,6057,6079,6168,6016,5560,3898,3756,3061,2872,2184,4303,4997,5502,5577,7929,7914,7877,7976,7951,7930,7908,7834,7884,7869,7538,7647,7566,7593,7564,7283,7122,7111,7113,7147,7143,7135,7022,6903,6443,6280,5881,5286,4536,3418,3274,2661,2192,1327,1644,1684,1973,2011,2319,2510,2868,3194,3271,3818,4314,4461,4651,4752,4906,4893,4825,4922,4873,4789,4216,3998,3592,3428,3205,3127,2951,2862,2557,2380,2186,2081,1905,1683,4227,4307,4319,4185,4014,3828,3168,998,1304,1557,1590,2172,2628,2772,2800,2943,3087,3703,3764,3823,4124,4358,4439,4654,4830,4920,5005,5176,5288,5356,5249,5069,5117,5021,5012,5012,4614,3380,3139,1651
"54","z0102483",1929,2010,2880,3580,3738,3998,4900,5032,6209,6362,6600,6674,6754,6830,6873,6856,6034,5746,4360,3658,3479,3040,2987,2772,2443,2293,1882,1550,1886,2105,2143,2407,2791,2978,3181,3469,4328,4392,4533,3626,2477,2330,961,1489,1992,2089,2134,2194,2294,2379,2791,3097,3044,2783,2201,2046,634,1368,1383,1435,1775,1970,1984,1975,2021,1925,1774,1216,1174,970,919,743,1880,2201,2345,2376,3501,3722,3856,3991,4717,4802,5335,5668,5740,5783,5612,5499,5303,5280,5199,4861,4729,4694,4670,4569,4408,4335,4219,4054,3544,3358,3022,2420,1893,1280,1222,953,783,818,998,1025,1183,1216,1401,1515,1704,1907,1937,2256,2603,2720,2863,2932,3066,3067,3067,3154,3060,3003,2464,2244,1891,1760,1598,1559,1449,1387,1208,1111,1000,930,838,703,2202,2294,2300,2261,2207,2115,1771,1087,1371,1631,1669,2345,2867,3032,3055,3213,3396,4063,4117,4181,4591,4968,5077,5363,5553,5663,5751,5984,6189,6307,6311,6198,6300,6223,6223,6235,5626,3676,3367,1662
"55","z0102484",3363,3499,4821,5774,6045,6399,7635,7808,7920,7916,7927,7929,7865,7919,7873,7856,6772,6468,4712,3696,3467,2913,2866,2758,2757,2794,2824,2533,2781,3099,3172,3528,4039,4234,4524,4864,5870,5902,6051,5103,3444,3219,2097,3181,4289,4442,4506,4614,4776,4888,5585,6276,6178,5975,5069,4742,1855,4030,4075,4234,5148,5664,5698,5698,5734,5577,5175,3614,3478,2786,2628,2048,3382,3864,4236,4289,6359,6750,6985,7224,7957,7930,7892,7842,7884,7880,7597,7507,7336,7299,7252,6843,6711,6656,6643,6550,6314,6202,6043,5767,5258,5117,4788,4173,3505,2617,2480,2025,1668,1651,2049,2098,2410,2470,2825,3032,3453,3848,3925,4590,5165,5332,5592,5702,5884,5867,5799,5934,5808,5731,4939,4679,4143,3933,3603,3535,3327,3228,2865,2631,2390,2233,2004,1741,4340,4455,4466,4363,4189,3990,3306,1591,2063,2477,2572,3474,4128,4346,4396,4583,4814,5743,5837,5927,6413,6826,6948,7275,7707,7891,7897,7927,7906,7834,7909,7804,7946,7854,7913,7884,7491,5420,5148,2762
"56","z0102485",3186,3307,4522,5414,5662,5962,7081,7264,7935,7932,7961,7923,7873,7944,7879,7879,6886,6590,4988,4056,3861,3312,3244,3135,2907,2928,2866,2550,2787,3104,3182,3508,3970,4153,4440,4777,5532,5521,5633,4644,3169,2997,1952,2979,3983,4117,4191,4274,4423,4516,5105,5577,5502,5264,4395,4101,2001,4236,4289,4438,5346,5927,5970,5979,6023,5858,5469,3777,3642,2910,2736,2092,3681,4251,4680,4736,7166,7631,7878,7986,7966,7940,7896,7826,7880,7900,7624,7554,7357,7356,7307,7014,6873,6834,6825,6748,6555,6447,6331,6230,5846,5687,5343,4794,4085,3045,2889,2368,1962,1631,2063,2115,2425,2490,2867,3113,3578,4030,4106,4873,5461,5672,5936,6073,6297,6316,6260,6470,6317,6210,5379,5079,4433,4186,3814,3727,3501,3384,3012,2781,2537,2366,2146,1860,4593,4778,4808,4711,4476,4214,3487,1477,1920,2270,2354,3233,3887,4090,4132,4339,4570,5487,5576,5677,6140,6548,6666,7011,7415,7571,7698,7929,7924,7827,7838,7683,7762,7661,7618,7622,7145,5011,4688,2523
"57","z0102500",2348,2436,3629,4605,4838,5155,6204,6343,7655,7820,7967,7948,7896,7849,7840,7832,6902,6605,4888,3931,3694,3080,3010,2811,2577,2429,2100,1784,1950,2160,2213,2443,2809,2955,3115,3309,3778,3778,3891,3058,2036,1917,1304,2026,2652,2753,2799,2851,2946,3011,3368,3691,3633,3428,2759,2570,1327,2772,2816,2912,3555,3873,3902,3903,3957,3827,3549,2392,2310,1855,1733,1338,2402,2800,3076,3114,4541,4825,4964,5129,6058,6132,6658,6991,7077,7168,6992,6860,6598,6564,6490,6033,5863,5788,5765,5642,5469,5389,5267,5063,4530,4344,3963,3273,2588,1828,1735,1376,1103,1147,1441,1472,1697,1747,1995,2152,2464,2786,2853,3368,3779,3930,4135,4219,4389,4392,4277,4432,4346,4282,3641,3440,2996,2826,2581,2526,2358,2267,2005,1856,1682,1572,1425,1238,2985,3094,3107,2919,2758,2629,2214,698,911,1095,1125,1571,1894,1989,2001,2108,2212,2653,2676,2715,2934,3115,3164,3307,3349,3407,3463,3572,3653,3689,3658,3565,3586,3529,3514,3523,3206,2285,2100,1130
"58","z0123188",2546,2644,3786,4693,4911,5200,6168,6309,7700,7882,7959,7942,7886,7867,7806,7800,6819,6465,4691,3782,3575,3027,2961,2806,2582,2427,2148,1848,1713,1933,1976,2217,2568,2702,2859,3015,3595,3628,3753,3113,2117,1997,1472,2283,2999,3119,3180,3282,3422,3507,3937,4316,4236,4005,3421,3205,1359,2887,2921,3012,3677,4087,4118,4125,4170,4053,3775,2619,2523,2005,1881,1477,3046,3548,3952,3996,5944,6336,6516,6741,7893,7951,7896,7833,7883,7851,7587,7514,7235,7195,7122,6726,6549,6489,6477,6379,6199,6143,6023,5780,5141,4928,4616,4025,3337,2415,2277,1823,1480,1329,1659,1694,1960,2011,2305,2498,2845,3197,3254,3817,4303,4473,4698,4790,4929,4932,4807,4907,4774,4692,4010,3770,3259,3051,2819,2755,2616,2522,2243,2060,1867,1761,1609,1389,3102,3203,3196,3015,2822,2662,2178,804,1030,1204,1235,1647,1997,2112,2129,2245,2350,2821,2868,2930,3129,3286,3328,3465,3513,3578,3615,3738,3835,3875,3845,3716,3757,3711,3689,3689,3391,2458,2271,1212
"59","z0132631",2434,2540,3611,4434,4627,4926,5905,6050,7442,7609,7802,7835,7849,7921,7877,7853,6767,6470,4746,3850,3642,3082,2998,2851,2621,2471,2176,1835,1972,2191,2239,2469,2808,2963,3167,3385,4033,4054,4166,3341,2318,2183,1236,1931,2550,2644,2700,2765,2863,2911,3299,3696,3639,3469,2901,2720,1096,2367,2397,2496,3073,3439,3478,3485,3548,3427,3145,2192,2114,1702,1611,1271,2724,3154,3498,3535,5246,5581,5731,5955,7003,7109,7605,7867,7896,7869,7662,7553,7325,7269,7195,6702,6512,6439,6421,6306,6100,6033,5893,5685,5053,4835,4414,3676,2927,2071,1956,1608,1323,1074,1347,1371,1604,1638,1846,1981,2215,2481,2527,2971,3335,3436,3599,3683,3810,3808,3764,3866,3812,3738,3250,3079,2685,2545,2363,2310,2194,2137,1925,1795,1654,1556,1412,1252,3098,3166,3177,2999,2837,2687,2238,594,775,890,913,1225,1492,1571,1592,1668,1744,2091,2121,2148,2316,2443,2483,2584,2587,2620,2651,2746,2813,2826,2770,2688,2705,2664,2642,2638,2414,1811,1660,927
"60","z0132632",1015,1060,1827,2557,2722,2954,3653,3732,4469,4572,4698,4707,4661,4653,4625,4617,4063,3886,2754,2147,2004,1691,1654,1490,1280,1146,897,738,583,648,659,749,866,899,956,1017,1202,1199,1246,1029,722,676,387,615,711,730,757,775,813,818,883,979,976,869,709,638,797,1708,1731,1820,2384,2526,2524,2525,2495,2380,2130,1318,1259,990,926,727,891,1066,1299,1315,1980,2220,2278,2418,2940,2962,3263,3405,3434,3477,3430,3471,3319,3297,3220,3048,2941,2899,2891,2846,2739,2701,2628,2519,2265,2200,1952,1529,1169,757,706,491,359,326,382,386,435,444,502,532,597,658,668,791,915,951,990,1002,1008,991,1044,1091,1074,1053,954,889,780,723,667,658,621,602,530,494,443,421,371,318,830,862,865,777,729,691,585,391,505,587,595,786,970,1026,1034,1112,1164,1376,1384,1403,1530,1643,1655,1708,1658,1677,1711,1802,1858,1902,1892,1820,1819,1796,1781,1783,1568,1053,946,496
"61","z0132634",2894,3008,4396,5498,5755,6149,7371,7551,7918,7919,7956,7930,7854,7891,7847,7886,6968,6699,5135,4109,3857,3254,3169,2954,2843,2836,2684,2282,2193,2429,2483,2780,3195,3335,3524,3784,4601,4618,4764,3993,2703,2551,1373,2164,2831,2912,2962,3051,3176,3284,3738,4170,4106,3835,3187,2969,949,2028,2052,2141,2698,2952,2977,2969,2992,2904,2684,1845,1780,1439,1350,1050,3146,3647,4121,4182,6198,6633,6822,7053,7968,7947,7906,7844,7894,7879,7644,7570,7320,7282,7194,6782,6629,6580,6572,6436,6165,6056,5897,5637,5093,4960,4602,4039,3407,2496,2370,1890,1545,1728,2171,2223,2557,2623,3045,3264,3745,4204,4283,5164,5887,6125,6436,6573,6793,6792,6731,6897,6751,6652,5740,5407,4817,4571,4208,4102,3873,3743,3339,3080,2775,2595,2356,2025,5265,5359,5355,5002,4710,4424,3600,1393,1790,2127,2209,3076,3691,3892,3931,4117,4338,5201,5307,5402,5908,6351,6497,6792,6893,7013,7107,7327,7514,7615,7561,7391,7484,7398,7350,7346,6740,4572,4251,2230
"62","z0132639",2367,2459,3575,4454,4647,4955,5975,6112,7414,7599,7860,7910,7886,7888,7881,7859,6912,6639,4996,4087,3878,3315,3225,3028,2716,2578,2128,1787,1224,1354,1380,1543,1759,1822,1891,1974,2211,2193,2235,1706,1152,1078,1177,1867,2383,2461,2505,2563,2649,2694,3016,3264,3216,3018,2518,2334,1574,3401,3446,3588,4384,4891,4945,4946,4984,4840,4512,3082,2955,2334,2179,1654,4321,5056,5745,5836,7931,7913,7883,7968,7957,7939,7897,7840,7895,7870,7620,7755,7634,7699,7667,7535,7488,7579,7567,7633,7663,7646,7546,7389,7021,6884,6514,5930,5114,3860,3655,3011,2494,1693,2153,2216,2544,2626,3020,3266,3720,4226,4303,5095,5704,5912,6157,6308,6540,6532,6431,6491,6338,6233,5343,5029,4460,4233,3874,3779,3522,3387,3013,2769,2500,2316,2079,1784,2465,2510,2510,2344,2202,2094,1776,1423,1819,2157,2221,3031,3667,3876,3917,4116,4342,5255,5347,5441,5918,6292,6429,6761,6945,7049,7159,7375,7556,7655,7564,7387,7471,7364,7317,7297,6588,4556,4212,2098
"63","z0132641",2169,2268,3268,4112,4336,4610,5539,5675,6900,7050,7289,7345,7320,7346,7282,7208,6292,6015,4445,3623,3414,2959,2872,2736,2503,2368,2049,1707,1640,1825,1864,2054,2287,2357,2457,2579,2726,2706,2735,2171,1429,1357,981,1551,1963,2017,2063,2100,2156,2190,2426,2662,2627,2476,2126,1985,2283,4815,4861,5064,6043,6681,6718,6718,6755,6554,6098,4252,4092,3291,3077,2355,2379,2761,3051,3086,4579,4909,5048,5215,6094,6190,6779,7075,7177,7243,7047,6942,6694,6616,6509,6003,5819,5743,5719,5617,5417,5369,5246,5043,4457,4265,3851,3145,2503,1770,1680,1326,1062,1142,1433,1471,1721,1765,2028,2182,2458,2769,2822,3315,3687,3808,3975,4047,4183,4166,4032,4185,4132,4049,3501,3306,2919,2762,2570,2516,2371,2304,2067,1922,1768,1667,1524,1342,1855,1916,1917,1814,1722,1654,1445,1131,1478,1766,1827,2518,3067,3236,3262,3428,3597,4346,4405,4478,4830,5116,5217,5488,5729,5827,5906,6092,6212,6266,6232,6061,6100,6017,5994,5981,5423,3855,3618,1862
"64","z0132642",2012,2107,2853,3384,3528,3702,4381,4509,5537,5655,5801,5837,5855,5910,5909,5861,5085,4824,3484,2874,2741,2387,2334,2207,2057,1965,1747,1472,2314,2569,2630,2909,3267,3397,3576,3761,4300,4307,4392,3553,2419,2278,1521,2330,3105,3202,3256,3326,3423,3506,3925,4363,4300,4154,3526,3311,1258,2679,2711,2817,3476,3954,3985,3988,4030,3879,3598,2476,2391,1936,1819,1428,3355,3854,4197,4247,6354,6735,6933,7166,7962,7938,7901,7841,7881,7902,7637,7499,7289,7275,7215,6707,6514,6446,6420,6315,6110,6007,5848,5596,5089,4941,4600,4075,3419,2510,2388,1972,1606,1230,1524,1567,1814,1847,2099,2258,2576,2916,2978,3499,3848,3960,4151,4205,4359,4328,4261,4420,4311,4247,3622,3423,2976,2794,2564,2509,2357,2273,2017,1870,1682,1579,1433,1259,3654,3754,3750,3648,3468,3298,2744,933,1165,1382,1420,1925,2321,2440,2459,2567,2706,3261,3303,3360,3631,3870,3927,4130,4274,4351,4418,4626,4779,4853,4845,4739,4790,4714,4711,4720,4340,3296,3047,1668
"65","z0132658",2141,2237,3083,3741,3930,4147,4976,5103,6333,6516,6783,6886,6975,7047,7083,7094,6182,5912,4586,3837,3675,3153,3094,2887,2587,2403,1986,1620,2110,2337,2385,2664,3110,3331,3597,3886,4908,4952,5099,3983,2664,2509,1317,2017,2776,2916,2972,3069,3221,3312,3758,4079,3996,3613,2823,2593,911,1948,1966,2027,2579,2881,2907,2899,2948,2816,2592,1773,1711,1407,1325,1033,2602,3013,3254,3296,4836,5170,5335,5528,6599,6719,7399,7823,7933,7907,7644,7510,7269,7254,7145,6730,6581,6528,6495,6364,6144,6069,5909,5662,4998,4749,4295,3495,2747,2012,1901,1525,1252,1077,1327,1364,1581,1616,1866,2017,2287,2554,2606,3098,3568,3710,3915,4019,4174,4144,4009,4192,4099,4011,3380,3157,2722,2513,2274,2208,2059,1986,1729,1589,1442,1346,1206,1020,2678,2756,2779,2703,2639,2537,2121,1148,1482,1770,1827,2548,3088,3268,3304,3478,3676,4432,4525,4615,5051,5401,5499,5767,5959,6054,6180,6398,6591,6658,6657,6562,6698,6614,6633,6649,6022,4019,3722,1854
"66","z0132659",2512,2616,3728,4631,4855,5169,6251,6412,7868,7938,7957,7933,7882,7873,7830,7796,6895,6600,4931,3980,3781,3196,3130,2959,2718,2571,2433,2042,2133,2372,2422,2686,3078,3241,3413,3619,4259,4297,4394,3617,2428,2297,1424,2259,2942,3038,3094,3154,3282,3360,3736,4103,4039,3850,3315,3101,1523,3050,3085,3190,3925,4384,4425,4438,4514,4393,4058,2772,2678,2191,2064,1594,3045,3477,3844,3898,5813,6152,6336,6538,7630,7759,7900,7833,7909,7877,7597,7507,7308,7268,7170,6593,6402,6342,6314,6232,6063,5980,5834,5621,4965,4735,4318,3759,3086,2275,2147,1741,1409,1398,1740,1782,2053,2113,2398,2589,2931,3286,3332,3963,4488,4660,4895,4980,5149,5135,5035,5165,5059,4969,4210,3940,3436,3254,3002,2931,2772,2686,2374,2199,1985,1864,1690,1462,4852,4986,5010,4931,4716,4468,3663,1191,1525,1852,1909,2573,3080,3247,3274,3433,3596,4291,4372,4459,4855,5187,5296,5536,5696,5808,5923,6127,6294,6413,6393,6273,6310,6237,6190,6192,5780,4089,3784,2001
"67","z0132660",1735,1807,2651,3397,3555,3811,4529,4646,5571,5689,5832,5865,5830,5806,5698,5627,4888,4662,3312,2661,2501,2111,2055,1933,1778,1663,1456,1245,1322,1464,1489,1627,1838,1927,2002,2072,2249,2231,2276,1831,1218,1134,926,1438,1811,1892,1916,1966,2015,2047,2276,2497,2454,2338,2000,1859,744,1714,1728,1790,2254,2479,2507,2507,2533,2444,2338,1605,1553,1233,1158,891,3244,3798,4368,4426,6779,7311,7492,7753,7972,7928,7908,7835,7889,7863,7638,7575,7269,7208,7112,6675,6441,6360,6323,6191,5961,5857,5721,5531,5266,5187,4917,4377,3685,2679,2522,2012,1639,878,1116,1139,1332,1366,1533,1649,1881,2112,2155,2522,2805,2927,3092,3155,3276,3253,3187,3306,3232,3179,2710,2522,2171,2037,1864,1820,1709,1651,1480,1370,1238,1167,1055,914,1802,1853,1857,1771,1678,1594,1355,880,1139,1350,1393,1943,2343,2473,2499,2620,2756,3305,3365,3420,3718,3971,4037,4220,4424,4516,4581,4731,4864,4912,4871,4745,4794,4718,4692,4678,4226,2952,2741,1490
"68","z0160208",1560,1631,2273,2753,2853,3011,3515,3595,4305,4417,4555,4587,4600,4626,4639,4635,3981,3784,2586,2089,1982,1701,1680,1574,1450,1377,1217,1032,1377,1505,1536,1682,1905,1996,2073,2152,2295,2301,2350,1887,1268,1200,846,1312,1684,1735,1758,1803,1862,1889,2133,2298,2267,2133,1847,1729,794,1695,1712,1775,2206,2528,2559,2580,2629,2534,2388,1611,1552,1218,1146,916,1866,2134,2282,2311,3265,3448,3534,3654,4195,4244,4499,4636,4694,4710,4558,4489,4353,4309,4245,3943,3834,3779,3763,3695,3604,3561,3485,3374,3040,2921,2685,2218,1751,1198,1125,893,707,546,665,680,792,804,908,992,1109,1221,1247,1469,1667,1717,1775,1801,1840,1816,1787,1823,1772,1734,1388,1274,1039,953,855,833,772,749,649,607,544,517,465,394,2041,2110,2115,2079,1967,1851,1551,521,672,791,814,1067,1318,1389,1400,1479,1545,1829,1855,1881,2055,2201,2250,2345,2378,2410,2427,2490,2537,2556,2488,2433,2454,2430,2406,2393,2148,1688,1550,826
"69","z0175867",2026,2102,2934,3626,3786,3998,4771,4880,5991,6138,6359,6433,6453,6492,6446,6388,5537,5276,3783,3026,2846,2345,2290,2189,2073,1934,1794,1585,1975,2193,2241,2488,2840,2984,3175,3393,3917,3930,4038,3312,2216,2074,1220,1872,2448,2532,2582,2633,2726,2794,3151,3465,3419,3260,2797,2654,1165,2594,2619,2730,3386,3792,3823,3824,3858,3741,3504,2453,2370,1911,1792,1390,2203,2527,2760,2803,3929,4158,4262,4417,5160,5232,5655,5914,6003,6051,5879,5783,5624,5599,5535,5188,5029,4974,4948,4871,4738,4674,4562,4408,3908,3736,3402,2811,2260,1590,1513,1201,983,1252,1554,1598,1829,1886,2170,2319,2661,2975,3028,3567,4033,4157,4344,4448,4601,4601,4525,4616,4520,4447,3792,3576,3063,2874,2637,2587,2424,2340,2072,1905,1737,1635,1471,1280,3161,3253,3261,3070,2898,2753,2343,1076,1409,1704,1770,2457,2969,3124,3148,3320,3502,4201,4273,4352,4729,5033,5150,5441,5706,5814,5900,6107,6239,6321,6302,6147,6191,6099,6074,6072,5554,4012,3719,1910
"70","z0175874",2037,2122,2869,3438,3584,3802,4594,4719,5919,6059,6255,6315,6365,6410,6373,6297,5316,5069,3733,3098,2960,2557,2500,2345,2117,1985,1647,1335,2151,2404,2467,2784,3253,3440,3683,3993,4862,4911,5052,4106,2839,2688,1213,1897,2639,2742,2813,2886,3021,3126,3540,3967,3925,3658,2944,2722,850,1807,1825,1889,2394,2682,2704,2723,2789,2673,2467,1683,1621,1330,1244,977,2211,2542,2728,2757,4037,4290,4435,4587,5496,5576,6203,6513,6614,6672,6471,6319,6135,6111,6043,5616,5460,5407,5388,5281,5151,5073,4957,4752,4195,3997,3590,2916,2294,1608,1523,1196,967,954,1153,1185,1379,1406,1605,1728,1960,2197,2237,2607,2942,3032,3186,3256,3367,3320,3268,3428,3404,3344,2918,2717,2341,2186,2003,1945,1851,1791,1613,1498,1362,1296,1197,1049,2763,2847,2861,2808,2719,2602,2177,890,1132,1340,1382,1894,2292,2417,2446,2578,2726,3291,3333,3396,3690,3931,3987,4168,4218,4270,4319,4458,4596,4645,4624,4514,4532,4477,4454,4465,4063,2940,2712,1373
"71","z0175876",1795,1882,2644,3259,3378,3595,4374,4482,5698,5866,6089,6138,6141,6171,6115,6067,5194,4932,3721,3095,2934,2518,2475,2284,2057,1923,1571,1333,1547,1737,1767,2021,2340,2481,2678,2896,3681,3755,3891,3297,2309,2171,981,1553,2085,2188,2241,2330,2425,2498,2851,3180,3153,2913,2313,2124,664,1413,1425,1470,1901,2040,2047,2035,2053,1974,1807,1230,1191,946,891,710,1803,2072,2306,2341,3452,3671,3811,3961,4785,4868,5483,5805,5903,5935,5775,5695,5516,5476,5423,5142,5017,4966,4960,4885,4735,4671,4562,4370,3830,3648,3247,2575,1976,1385,1316,1026,837,909,1097,1127,1287,1315,1486,1593,1822,2050,2087,2462,2810,2920,3070,3141,3241,3223,3222,3338,3256,3206,2728,2542,2133,1989,1793,1751,1627,1552,1357,1241,1109,1031,936,809,2327,2392,2406,2387,2291,2187,1849,738,917,1064,1085,1435,1746,1846,1861,1967,2079,2501,2535,2588,2837,3026,3067,3217,3280,3334,3396,3515,3613,3646,3614,3543,3580,3531,3496,3485,3127,2246,2058,1010
"72","z0175877",2916,3025,4497,5661,5959,6416,7811,7974,7930,7938,7980,7948,7901,7915,7844,7864,6862,6549,4900,3882,3633,3029,2930,2748,2714,2706,2596,2254,2406,2698,2757,3073,3580,3793,4087,4466,5635,5720,5909,4820,3357,3167,1670,2578,3515,3709,3783,3905,4102,4238,4847,5351,5268,4952,3863,3532,1235,2676,2698,2804,3554,3907,3932,3934,3984,3873,3587,2499,2417,1953,1834,1415,3038,3531,3898,3949,5990,6392,6614,6833,7975,7954,7920,7849,7896,7890,7618,7566,7274,7208,7122,6641,6391,6333,6291,6195,6029,5935,5780,5520,4907,4800,4503,3966,3317,2383,2262,1821,1485,1192,1464,1500,1747,1787,2079,2258,2594,2972,3030,3623,4080,4233,4471,4572,4730,4744,4630,4812,4699,4621,3881,3609,3047,2849,2593,2527,2361,2270,1986,1824,1643,1536,1379,1176,2656,2729,2740,2643,2559,2468,2055,1370,1775,2114,2181,3047,3694,3899,3930,4138,4381,5333,5428,5534,6015,6472,6604,6963,7098,7207,7321,7593,7819,7852,7834,7688,7800,7716,7706,7718,7047,4655,4275,2072
"73","z0178364",728,751,1056,1381,1445,1535,1858,1901,2346,2406,2471,2480,2483,2488,2477,2459,2042,1922,1288,1008,966,827,819,731,608,557,449,387,1315,1466,1490,1717,1997,2105,2239,2376,2846,2869,2968,2431,1717,1637,879,1359,1650,1702,1731,1779,1826,1858,2034,2122,2088,1826,1382,1250,964,2236,2266,2379,3058,3271,3287,3279,3300,3211,2905,1805,1705,1291,1222,967,1285,1481,1692,1718,2529,2771,2844,2986,3645,3708,4150,4336,4364,4350,4262,4246,4066,4043,3988,3767,3671,3652,3629,3617,3529,3499,3408,3280,2933,2815,2517,1924,1408,879,830,588,464,1034,1263,1293,1474,1518,1728,1856,2106,2374,2420,2808,3190,3305,3476,3573,3707,3708,3718,3926,3855,3796,3342,3168,2814,2626,2382,2318,2190,2093,1847,1688,1502,1384,1249,1047,483,509,510,546,541,528,463,778,1024,1234,1270,1702,2064,2184,2203,2331,2447,2854,2891,2921,3172,3365,3415,3556,3583,3660,3704,3840,3985,4066,4159,4078,4129,4076,4079,4094,3843,2822,2589,1290
"74","z0183541",1368,1421,2444,3415,3605,3912,4900,5016,6159,6305,6490,6513,6496,6533,6505,6413,5621,5388,3944,3002,2796,2267,2209,1972,1672,1520,1228,1033,1015,1141,1170,1348,1612,1700,1828,1982,2469,2495,2605,2133,1432,1335,534,849,1050,1095,1127,1167,1212,1232,1373,1545,1531,1367,991,879,371,786,794,822,1099,1154,1146,1144,1101,1026,892,465,437,324,303,236,1474,1733,2011,2035,3072,3363,3485,3648,4485,4572,5117,5383,5421,5424,5264,5296,5088,5045,4978,4664,4507,4422,4397,4334,4179,4118,3992,3831,3405,3221,2847,2197,1624,1015,950,664,503,483,596,617,711,726,802,851,949,1053,1077,1293,1494,1563,1642,1688,1746,1737,1684,1807,1774,1745,1539,1447,1296,1221,1141,1116,1059,1017,904,827,745,696,623,540,1237,1243,1242,1083,998,929,804,391,486,562,579,772,937,976,983,1045,1093,1289,1315,1332,1527,1660,1680,1734,1658,1689,1700,1782,1824,1837,1796,1723,1733,1710,1664,1651,1379,854,743,364
"75","z0183543",2709,2836,3982,4862,5103,5427,6648,6816,7931,7926,7968,7940,7885,7908,7840,7839,6807,6537,4867,3903,3685,3109,3007,2834,2558,2564,2470,2195,2830,3138,3203,3596,4146,4361,4674,5094,6338,6380,6568,5505,3832,3594,1744,2687,3639,3785,3861,3977,4117,4227,4852,5509,5439,5231,4277,3995,1322,2917,2948,3055,3797,4194,4217,4221,4280,4151,3851,2557,2460,2000,1896,1493,2558,2921,3182,3216,4716,5019,5207,5395,6470,6578,7297,7715,7813,7866,7647,7575,7337,7273,7197,6710,6518,6421,6384,6266,6049,5931,5772,5533,4856,4632,4192,3409,2670,1883,1787,1420,1175,1503,1913,1964,2303,2367,2726,2909,3301,3681,3741,4410,5013,5187,5417,5540,5789,5774,5766,6068,6024,5940,5294,5017,4526,4338,4051,3956,3767,3628,3290,3060,2808,2639,2438,2149,4099,4189,4191,3985,3758,3531,2925,1406,1800,2169,2254,3143,3793,4002,4056,4246,4480,5323,5412,5519,6007,6435,6562,6824,6965,7075,7170,7429,7610,7703,7693,7491,7577,7472,7427,7407,6893,4885,4505,2271
"76","z0183544",2632,2740,3998,5009,5266,5630,6813,6973,7928,7918,7960,7932,7888,7889,7839,7859,6943,6616,4949,3930,3691,3088,2995,2815,2553,2554,2458,2115,2427,2677,2737,3032,3493,3677,3923,4242,5045,5055,5215,4284,2945,2783,1572,2445,3165,3264,3327,3403,3532,3623,4116,4561,4506,4308,3622,3386,1245,2662,2698,2791,3542,3879,3914,3919,3948,3798,3525,2345,2254,1802,1680,1344,3735,4341,4938,5004,7666,7920,7885,7970,7958,7920,7894,7841,7902,7886,7652,7703,7538,7521,7466,7159,6996,6949,6933,6851,6708,6687,6577,6460,6081,5899,5507,4940,4211,3121,2951,2401,1952,1298,1616,1652,1905,1955,2224,2403,2746,3083,3139,3751,4239,4418,4623,4711,4870,4863,4768,4899,4802,4728,4258,4036,3577,3407,3156,3093,2938,2834,2556,2379,2177,2052,1874,1665,2995,3072,3083,2946,2760,2622,2178,1134,1476,1775,1846,2533,3086,3262,3295,3464,3646,4363,4443,4507,4953,5280,5366,5645,5825,5952,6034,6223,6331,6434,6385,6199,6248,6160,6152,6148,5605,3904,3627,1890
"77","z0186431",1676,1744,2434,2990,3127,3324,4020,4122,5107,5235,5391,5427,5413,5426,5371,5306,4551,4350,3155,2586,2437,2098,2044,1899,1724,1626,1412,1236,1934,2149,2191,2460,2836,2999,3203,3448,4130,4139,4262,3541,2397,2239,1170,1859,2448,2534,2584,2654,2747,2808,3199,3646,3602,3405,2758,2559,925,2046,2064,2140,2647,2943,2949,2953,2961,2855,2616,1738,1656,1325,1239,972,2580,2968,3210,3237,4604,4865,5006,5202,6197,6293,6816,7212,7309,7341,7128,7053,6834,6786,6716,6329,6146,6060,6013,5903,5700,5623,5488,5284,4639,4439,4038,3295,2557,1818,1746,1387,1138,1046,1307,1339,1559,1596,1824,1972,2209,2454,2493,2967,3345,3458,3627,3737,3858,3868,3856,4024,3930,3875,3333,3132,2736,2584,2360,2315,2169,2103,1852,1714,1553,1454,1309,1138,2834,2923,2926,2804,2650,2510,2114,1124,1452,1747,1825,2502,3050,3205,3242,3397,3566,4255,4319,4410,4794,5100,5175,5366,5464,5564,5652,5800,5957,6046,6005,5882,5942,5870,5811,5812,5302,3913,3627,1852
"78","z0186433",1791,1868,2597,3219,3349,3566,4331,4455,5460,5585,5756,5815,5802,5806,5718,5661,4901,4649,3416,2795,2666,2287,2225,2073,1879,1775,1552,1348,1905,2107,2154,2390,2779,2914,3103,3370,4001,4027,4139,3374,2269,2131,1157,1826,2392,2478,2530,2602,2682,2733,3133,3545,3524,3354,2709,2493,968,2141,2172,2257,2875,3128,3146,3149,3211,3101,2869,1934,1875,1503,1408,1118,2531,2922,3131,3178,4605,4871,5038,5193,6159,6275,6928,7301,7407,7473,7256,7114,6917,6866,6767,6303,6137,6086,6057,5965,5753,5666,5521,5289,4611,4380,3899,3113,2433,1695,1615,1290,1058,1462,1824,1881,2167,2238,2570,2738,3110,3485,3555,4214,4791,4954,5171,5295,5464,5438,5385,5585,5485,5422,4665,4401,3849,3638,3345,3266,3070,2970,2653,2464,2232,2088,1889,1623,3342,3434,3453,3325,3140,2970,2504,1255,1599,1927,1998,2790,3373,3541,3572,3755,3954,4769,4850,4917,5398,5759,5873,6147,6275,6375,6470,6697,6840,6919,6860,6679,6727,6651,6617,6629,6082,4401,4072,2044
"79","z0186434",1397,1455,1953,2325,2409,2531,2905,2984,3552,3621,3701,3690,3665,3655,3654,3635,3019,2849,1918,1572,1511,1308,1285,1222,1058,984,795,639,1532,1719,1759,1967,2226,2303,2370,2428,2454,2433,2462,1840,1287,1214,1113,1681,2176,2255,2293,2358,2415,2435,2643,2908,2872,2644,2322,2230,911,2018,2034,2109,2694,3066,3114,3131,3180,3061,2819,1842,1762,1403,1307,993,1893,2197,2308,2327,3290,3479,3588,3733,4305,4339,4802,5003,5074,5089,4924,4772,4630,4619,4577,4246,4152,4127,4126,4075,3960,3905,3798,3668,3288,3166,2850,2293,1772,1183,1119,875,703,1192,1479,1515,1768,1816,2079,2241,2583,2918,2971,3482,3873,3968,4121,4189,4324,4276,4152,4182,4069,3989,3364,3157,2731,2607,2404,2347,2217,2139,1900,1761,1594,1508,1357,1171,2387,2482,2495,2440,2284,2141,1751,1082,1355,1586,1636,2087,2462,2561,2580,2691,2792,3255,3310,3336,3518,3642,3646,3759,4042,4131,4243,4529,4726,4825,4889,4853,4899,4860,4835,4828,4602,3492,3220,1816
"80","z0186435",1879,1967,2699,3257,3385,3579,4152,4242,5040,5155,5298,5341,5374,5423,5431,5404,4623,4378,3107,2554,2425,2095,2064,1951,1780,1664,1409,1185,1640,1817,1852,2048,2340,2442,2526,2598,2625,2599,2633,2083,1444,1374,1371,2107,2775,2875,2930,3000,3096,3141,3429,3770,3713,3543,3056,2911,963,2142,2172,2230,2868,3238,3274,3288,3338,3225,2966,1971,1889,1515,1420,1128,1272,1441,1517,1532,2061,2176,2223,2309,2608,2641,2926,3087,3130,3175,3085,3015,2920,2908,2871,2662,2606,2582,2575,2540,2482,2466,2431,2374,2148,2074,1867,1473,1146,758,724,555,448,931,1155,1182,1380,1420,1629,1758,1985,2203,2235,2603,2904,2985,3072,3111,3204,3178,3131,3166,3089,3042,2566,2421,2084,1949,1777,1740,1631,1571,1383,1263,1140,1072,948,833,2018,2096,2101,1973,1849,1744,1468,508,653,764,781,1043,1293,1363,1382,1464,1532,1795,1823,1838,1953,2041,2062,2147,2228,2260,2277,2374,2441,2453,2399,2335,2359,2334,2334,2330,2222,1654,1523,883
"81","z0186450",2167,2257,3209,3980,4146,4424,5297,5432,6600,6758,6985,7071,7101,7136,7117,7078,6130,5870,4475,3692,3522,3055,3004,2835,2573,2413,1988,1617,2087,2331,2392,2701,3134,3313,3570,3874,4811,4880,5027,4118,2834,2679,1189,1826,2452,2557,2614,2706,2801,2884,3249,3628,3566,3310,2622,2430,856,1759,1788,1857,2374,2614,2629,2619,2623,2507,2293,1613,1566,1270,1188,942,2558,2947,3290,3327,4968,5315,5458,5649,6821,6930,7542,7883,7911,7920,7684,7559,7296,7248,7148,6741,6547,6467,6447,6321,6147,6076,5947,5684,4981,4754,4330,3567,2828,2023,1918,1558,1273,790,950,978,1125,1157,1337,1430,1637,1842,1875,2153,2409,2494,2631,2692,2812,2795,2763,2848,2792,2742,2413,2235,1906,1790,1629,1595,1487,1430,1276,1185,1081,1022,917,807,2082,2116,2121,2069,2031,1967,1699,965,1209,1419,1466,1994,2422,2541,2567,2703,2871,3489,3566,3633,3972,4233,4325,4513,4621,4693,4760,4961,5101,5183,5164,5068,5151,5098,5108,5124,4668,3336,3098,1597
"82","z0187739",1313,1361,2300,3179,3355,3665,4524,4630,5739,5893,6104,6158,6148,6168,6154,6138,5498,5234,3870,3031,2838,2416,2379,2205,1882,1729,1365,1106,709,784,793,890,1044,1105,1178,1271,1581,1590,1638,1373,950,897,647,1045,1333,1391,1425,1469,1519,1559,1740,1966,1968,1838,1548,1380,934,2108,2143,2250,2953,3195,3194,3195,3191,3107,2816,1734,1645,1299,1225,932,766,877,969,976,1365,1508,1544,1631,1925,1956,2246,2381,2399,2425,2331,2333,2248,2235,2208,2082,2036,2014,2006,1983,1918,1899,1842,1783,1585,1511,1335,1017,771,497,463,326,247,684,859,879,1028,1047,1194,1284,1476,1638,1665,1936,2223,2301,2410,2472,2589,2576,2637,2780,2709,2680,2378,2250,2012,1900,1758,1710,1610,1551,1347,1244,1101,1031,916,784,1120,1161,1170,1026,943,896,767,511,661,779,798,1078,1335,1425,1441,1534,1612,1927,1969,2001,2217,2358,2385,2460,2368,2375,2407,2451,2465,2464,2405,2288,2313,2276,2256,2241,2001,1466,1310,692
"83","z0190863",1306,1356,2207,3001,3165,3443,4184,4282,5171,5325,5499,5560,5583,5614,5621,5628,4961,4732,3400,2632,2452,2060,1999,1807,1563,1439,1164,949,788,898,920,1065,1264,1351,1472,1609,1915,1914,1971,1561,1053,975,471,775,993,1056,1080,1120,1176,1198,1338,1511,1509,1397,1101,1004,1511,3189,3242,3361,4277,4591,4605,4575,4589,4459,4043,2597,2480,1952,1833,1449,1361,1560,1771,1800,2567,2776,2831,2969,3523,3567,3870,4048,4062,4108,3958,3897,3789,3757,3705,3531,3429,3406,3393,3330,3227,3202,3112,2978,2624,2500,2232,1755,1286,796,753,549,432,973,1187,1216,1401,1432,1613,1743,1974,2237,2268,2725,3143,3295,3466,3545,3686,3643,3623,3754,3726,3665,3309,3137,2856,2717,2563,2516,2398,2335,2121,1972,1820,1714,1589,1422,1049,1072,1064,976,922,878,755,782,999,1192,1227,1661,2003,2123,2154,2286,2428,2929,2988,3031,3334,3585,3663,3797,3754,3793,3858,3986,4080,4129,4097,3965,3984,3941,3888,3885,3489,2476,2251,1126
"84","z0190867",1659,1729,2602,3400,3565,3823,4545,4662,5644,5776,5937,5951,5945,5972,5941,5922,5261,4992,3612,2847,2659,2280,2216,2086,1890,1742,1393,1152,1700,1870,1906,2118,2405,2519,2643,2728,2815,2788,2834,2172,1496,1416,785,1266,1679,1732,1768,1809,1857,1876,2064,2277,2250,2100,1759,1655,1850,3914,3968,4125,5001,5447,5463,5469,5521,5351,4975,3394,3279,2609,2436,1840,1968,2287,2567,2601,3843,4122,4260,4417,5202,5289,5732,5995,6060,6096,5912,5843,5610,5560,5465,5109,4967,4905,4896,4802,4647,4584,4464,4292,3871,3709,3352,2743,2134,1441,1343,1045,819,1236,1530,1561,1818,1862,2149,2307,2631,2957,2998,3526,3942,4077,4266,4344,4497,4458,4372,4498,4407,4336,3741,3512,3069,2912,2690,2632,2457,2375,2117,1959,1769,1663,1509,1311,2089,2197,2210,2188,2094,1993,1671,660,834,977,1001,1281,1574,1669,1684,1777,1871,2303,2346,2385,2600,2735,2751,2839,2905,2976,3015,3121,3209,3240,3204,3100,3121,3078,3074,3059,2763,2091,1944,1025
"85","z0196956",2727,2852,4024,4974,5205,5529,6610,6740,7936,7917,7958,7920,7874,7880,7849,7851,6811,6509,4831,3850,3637,3089,3030,2893,2605,2494,2458,2087,1577,1750,1794,1966,2238,2349,2483,2635,2965,2974,3037,2504,1756,1653,961,1448,1795,1851,1881,1921,1980,2022,2219,2370,2336,2191,1843,1752,1090,2321,2344,2439,3019,3424,3453,3464,3535,3424,3184,2201,2102,1680,1569,1211,2494,2851,3090,3120,4396,4636,4742,4878,5622,5697,6157,6442,6534,6626,6416,6231,6035,6011,5948,5556,5428,5360,5360,5265,5155,5109,4998,4842,4344,4164,3838,3172,2548,1816,1721,1391,1132,812,992,1018,1180,1198,1353,1446,1624,1815,1840,2095,2348,2417,2527,2580,2666,2654,2629,2620,2558,2510,2068,1892,1619,1536,1412,1382,1306,1262,1118,1035,938,888,790,681,2108,2177,2191,2149,2066,1984,1721,669,842,976,999,1358,1628,1712,1726,1810,1901,2299,2338,2386,2585,2724,2774,2900,2985,3049,3072,3138,3177,3203,3116,3066,3100,3049,3017,3006,2724,2027,1894,1057
"86","z0198374",2000,2080,2947,3668,3838,4102,4904,5024,6031,6192,6344,6334,6277,6294,6225,6156,5347,5089,3749,3101,2959,2546,2497,2342,2139,2037,1785,1471,1769,1965,2003,2213,2519,2622,2763,2902,3193,3180,3233,2639,1789,1703,1180,1876,2525,2635,2689,2754,2870,2906,3245,3500,3451,3300,2801,2610,1041,2334,2373,2463,3064,3394,3403,3412,3443,3321,3042,2034,1954,1554,1451,1142,2335,2710,2945,2981,4336,4594,4747,4909,5791,5880,6435,6810,6914,6954,6764,6637,6417,6358,6277,5843,5672,5605,5576,5503,5360,5281,5175,4983,4422,4234,3862,3092,2396,1668,1592,1245,1008,1174,1451,1487,1726,1764,2030,2194,2480,2780,2829,3348,3752,3864,4055,4120,4273,4261,4169,4208,4088,4012,3420,3208,2785,2616,2368,2307,2156,2065,1812,1667,1481,1391,1236,1060,3082,3173,3175,3011,2884,2762,2288,793,1008,1196,1220,1633,2016,2135,2145,2260,2360,2838,2893,2926,3138,3333,3386,3540,3658,3730,3787,3909,4024,4089,4066,3965,3991,3948,3937,3938,3642,2577,2375,1259
"87","z0198377",2338,2430,3390,4193,4386,4684,5572,5685,6788,6944,7099,7121,7114,7166,7215,7197,6220,5937,4375,3573,3396,2971,2915,2761,2581,2451,2166,1819,1380,1514,1541,1691,1910,1969,2036,2095,2266,2252,2283,1866,1271,1210,838,1305,1728,1783,1827,1870,1927,1958,2172,2384,2361,2202,1846,1746,606,1271,1291,1337,1723,1925,1944,1942,1954,1877,1778,1200,1148,895,835,675,1680,1921,2051,2066,2861,3015,3086,3195,3735,3776,4074,4236,4302,4349,4193,4130,4002,3986,3946,3727,3624,3587,3572,3511,3420,3379,3322,3203,2857,2728,2499,2037,1592,1067,1003,788,640,636,773,792,917,936,1070,1160,1302,1439,1469,1758,1979,2028,2112,2146,2198,2183,2158,2198,2173,2131,1892,1781,1566,1476,1375,1353,1297,1256,1118,1059,970,938,861,774,1430,1491,1498,1489,1419,1355,1166,521,650,747,764,1015,1241,1300,1313,1389,1449,1741,1764,1786,1928,2052,2072,2174,2203,2228,2247,2319,2385,2405,2376,2319,2351,2327,2319,2318,2032,1589,1469,792
"88","z0198473",4249,4431,6544,7960,7977,7979,7935,7937,7908,7905,7968,7938,7906,7965,7886,7864,6999,6706,5151,4109,4020,3545,3519,3620,3653,3700,3654,3212,3350,3787,3884,4379,5103,5406,5810,6336,7888,7956,7955,6398,4475,4222,2889,4351,5949,6195,6287,6485,6811,7000,7965,7720,7589,7201,5801,5362,1285,2993,3049,3179,3935,4396,4430,4438,4482,4367,4066,2727,2617,2144,2033,1567,3716,4267,4772,4847,7521,7917,7884,7986,7955,7920,7896,7826,7888,7889,7678,7746,7587,7595,7561,7176,6967,6919,6890,6773,6614,6628,6522,6405,5978,5809,5447,4826,4027,2950,2778,2247,1838,1817,2287,2354,2688,2759,3139,3362,3809,4258,4349,5168,5935,6209,6519,6655,6900,6881,6769,7115,6963,6851,5863,5538,4909,4644,4289,4190,3973,3843,3455,3199,2906,2706,2452,2117,3001,3058,3070,2994,2937,2845,2415,2339,3073,3816,4069,5651,6771,7144,7272,7595,7988,7911,7968,7968,7927,7943,7954,7919,7807,7827,7890,7911,7920,7787,7917,7814,7977,7903,7970,7885,7882,5814,5496,2843
"89","z0198474",2200,2277,3319,4209,4429,4758,5710,5857,7073,7249,7497,7540,7529,7585,7561,7517,6525,6227,4583,3708,3517,3007,2938,2781,2574,2428,2070,1753,1988,2198,2246,2498,2828,2968,3135,3334,3781,3773,3878,3170,2139,2021,1096,1742,2251,2328,2383,2440,2520,2561,2914,3228,3189,3033,2532,2365,1244,2569,2595,2699,3325,3755,3793,3820,3912,3791,3543,2384,2287,1826,1719,1356,2481,2858,3140,3178,4569,4872,5028,5197,6197,6305,6969,7332,7442,7520,7269,7122,6908,6856,6786,6401,6228,6160,6124,6017,5829,5750,5626,5397,4773,4554,4098,3380,2688,1870,1785,1432,1157,899,1084,1110,1299,1327,1532,1660,1908,2158,2185,2533,2848,2944,3074,3135,3252,3239,3168,3264,3169,3100,2585,2408,2053,1914,1759,1720,1601,1553,1352,1261,1133,1053,948,810,2573,2688,2700,2573,2428,2303,1940,623,813,968,994,1315,1611,1693,1698,1779,1864,2212,2240,2281,2471,2624,2655,2760,2837,2893,2933,3004,3093,3139,3144,3083,3104,3063,3060,3054,2784,1975,1823,973
"90","z0198475",1434,1494,2184,2771,2903,3099,3671,3743,4545,4655,4789,4812,4789,4808,4837,4826,4124,3881,2717,2192,2073,1776,1732,1633,1500,1398,1246,1088,1602,1758,1788,1977,2269,2405,2538,2665,3110,3121,3206,2596,1790,1687,768,1222,1538,1613,1650,1694,1750,1788,2026,2306,2298,2150,1825,1692,975,2105,2128,2217,2693,2940,2973,2973,3020,2898,2652,1769,1693,1349,1269,1026,2061,2355,2542,2577,3774,4007,4110,4239,4937,5002,5468,5732,5797,5830,5643,5538,5375,5317,5257,4906,4768,4721,4710,4622,4441,4370,4270,4094,3622,3456,3137,2523,1955,1334,1267,985,811,761,906,929,1070,1089,1228,1322,1513,1698,1722,2015,2257,2341,2482,2549,2636,2637,2582,2646,2575,2521,2156,1995,1704,1575,1407,1379,1271,1231,1070,985,885,828,729,624,1995,2072,2079,2029,1930,1830,1554,679,876,1025,1040,1401,1713,1800,1813,1911,2005,2439,2488,2529,2742,2918,2951,3073,3082,3117,3156,3232,3306,3340,3291,3186,3224,3191,3168,3169,2888,2070,1917,1046
