id,DIRAS3_042,DIRAS3_044,DIRAS3_056,DIRAS3_061,DIRAS3_065,DIRAS3_068,DIRAS3_080,DIRAS3_082,DIRAS3_102,DIRAS3_104,DIRAS3_114,DIRAS3_121,DIRAS3_130,DIRAS3_137,DIRAS3_150,DIRAS3_157,DIRAS3_178,DIRAS3_182,DIRAS3_197,DIRAS3_206,DIRAS3_209,DIRAS3_213,DIRAS3_216,DIRAS3_222,DIRAS3_234,DIRAS3_239,DIRAS3_257,DIRAS3_278,FLJ0945_051,FLJ0945_058,FLJ0945_061,FLJ0945_066,FLJ0945_078,FLJ0945_084,FLJ0945_093,FLJ0945_102,FLJ0945_143,FLJ0945_149,FLJ0945_155,FLJ0945_201,FLJ0945_232,FLJ0945_236,GRIA2_033,GRIA2_047,GRIA2_082,GRIA2_089,GRIA2_091,GRIA2_095,GRIA2_102,GRIA2_106,GRIA2_124,GRIA2_160,GRIA2_163,GRIA2_179,GRIA2_222,GRIA2_231,HMG20B_058,HMG20B_104,HMG20B_107,HMG20B_111,HMG20B_141,HMG20B_163,HMG20B_165,HMG20B_168,HMG20B_176,HMG20B_183,HMG20B_201,HMG20B_235,HMG20B_238,HMG20B_259,HMG20B_264,HMG20B_281,KCNC4_037,KCNC4_040,KCNC4_046,KCNC4_049,KCNC4_088,KCNC4_094,KCNC4_097,KCNC4_100,KCNC4_119,KCNC4_123,KCNC4_139,KCNC4_151,KCNC4_155,KCNC4_162,KCNC4_166,KCNC4_178,KCNC4_187,KCNC4_190,KCNC4_193,KCNC4_211,KCNC4_217,KCNC4_221,KCNC4_223,KCNC4_228,KCNC4_235,KCNC4_238,KCNC4_241,KCNC4_247,KCNC4_259,KCNC4_264,KCNC4_272,KCNC4_282,KCNC4_294,KCNC4_309,KCNC4_311,KCNC4_316,KCNC4_322,PRDM12_029,PRDM12_035,PRDM12_038,PRDM12_041,PRDM12_043,PRDM12_051,PRDM12_055,PRDM12_067,PRDM12_078,PRDM12_081,PRDM12_105,PRDM12_123,PRDM12_135,PRDM12_144,PRDM12_149,PRDM12_155,PRDM12_159,PRDM12_183,PRDM12_205,PRDM12_214,PRDM12_217,PRDM12_253,PRDM12_261,PRDM12_277,PRDM12_282,PRDM12_289,PRDM12_292,PRDM12_295,PRDM12_298,PRDM12_304,PRDM12_308,PRDM12_312,PRDM12_316,PRDM12_320,PRDM12_325,TET2_107,TET2_116,TET2_118,TET2_139,TET2_151,TET2_159,TET2_182,VGF_030,VGF_036,VGF_045,VGF_049,VGF_065,VGF_075,VGF_079,VGF_081,VGF_084,VGF_090,VGF_107,VGF_109,VGF_111,VGF_119,VGF_128,VGF_133,VGF_144,VGF_168,VGF_172,VGF_176,VGF_186,VGF_194,VGF_201,VGF_214,VGF_225,VGF_230,VGF_232,VGF_238,VGF_240,VGF_267,VGF_326,VGF_330,VGF_365
z0018943,0,0,2,0,0,1,1,1,0,0,1,2,1,1,0,1,1,0,4,0,2,4,4,4,7,0,0,0,0,0,1,0,0,0,0,0,14,0,0,0,0,0,2,0,0,0,0,1,0,0,2,0,0,0,0,1,0,0,0,0,0,0,1,0,0,0,0,0,0,0,0,0,0,0,0,0,0,4,0,5,0,3,2,4,0,2,0,0,18,3,0,0,0,0,0,3,0,0,0,0,2,5,0,3,0,0,1,0,0,0,0,0,2,1,0,0,0,0,1,1,0,0,0,1,2,0,0,0,0,1,0,0,1,0,0,0,1,1,0,0,0,0,0,0,0,0,1,1,0,1,0,0,0,0,0,0,2,0,0,1,0,1,3,1,2,0,0,2,2,2,1,3,0,0,1,5,0,1,1,0,0,2,4,0
z0018944,0,0,0,0,1,0,1,0,0,0,0,0,2,0,0,0,0,1,0,0,0,3,0,2,2,0,0,0,0,0,0,0,0,0,0,0,5,0,0,0,0,0,0,0,0,0,0,0,0,0,0,0,0,0,0,0,0,0,0,0,0,0,0,0,0,0,0,0,0,0,0,0,0,0,0,0,0,1,0,2,0,0,0,0,0,0,0,0,6,0,0,0,0,0,0,0,0,0,0,0,0,1,0,1,0,0,0,0,0,0,0,0,0,0,0,0,0,0,0,0,0,0,0,0,1,0,0,0,0,0,1,0,1,0,0,0,0,0,0,0,0,0,0,0,0,0,1,1,0,0,0,0,0,0,0,0,1,0,0,0,0,1,1,0,0,0,0,0,0,1,2,0,0,0,0,1,0,0,0,0,0,1,0,0
z0018945,0,0,0,0,0,0,1,1,0,1,0,1,0,0,2,0,0,0,0,2,3,2,3,1,0,0,0,0,0,0,3,2,0,0,1,0,20,0,0,0,0,0,0,1,0,0,2,1,0,1,0,0,0,0,0,0,0,0,0,0,0,1,1,0,0,0,0,0,0,0,0,0,0,0,0,0,0,0,1,3,1,1,0,3,2,0,0,2,7,0,0,0,0,0,1,1,3,0,0,1,1,2,0,3,2,0,0,0,0,0,1,0,1,0,0,1,0,0,1,5,0,0,0,0,1,0,2,2,2,2,0,0,0,0,0,0,0,0,0,0,0,1,0,0,0,3,2,0,0,0,0,2,0,0,0,0,0,0,2,0,0,0,0,1,0,0,0,0,2,3,5,6,0,3,2,8,0,0,1,3,0,3,7,0
z0023316,0,0,0,0,0,2,1,0,0,0,0,1,0,0,0,0,0,1,0,0,2,1,4,2,5,0,0,0,0,0,2,0,0,0,1,0,6,2,0,0,0,0,0,1,0,0,0,0,0,0,2,0,0,0,0,0,0,0,3,0,0,0,0,0,0,0,0,0,0,1,0,0,0,0,0,0,0,0,0,0,0,1,0,1,0,0,0,0,8,0,0,0,0,0,1,2,0,0,0,1,2,0,0,0,0,0,0,0,0,0,0,0,0,0,0,0,0,0,0,0,0,0,0,0,1,0,0,1,0,3,0,0,0,0,0,0,0,0,0,0,0,0,0,0,0,1,2,1,0,2,0,0,0,0,0,0,2,0,0,0,0,1,0,1,0,2,0,0,0,2,3,1,0,0,0,3,0,0,1,1,0,1,4,1
z0023317,0,0,0,0,1,0,5,0,1,4,0,0,0,0,0,0,0,2,0,0,0,5,2,1,2,0,0,0,0,0,1,0,0,0,0,0,21,0,0,1,0,0,0,0,0,0,0,0,0,0,2,0,0,0,0,0,0,0,1,1,0,0,0,0,0,0,0,1,3,0,0,0,0,0,0,0,0,1,0,2,0,1,1,0,0,0,1,0,13,0,0,2,0,0,0,1,0,0,0,0,0,2,0,2,1,0,0,0,0,0,0,0,0,1,0,0,0,0,1,0,0,0,2,0,5,0,0,0,0,0,0,0,0,0,0,0,0,0,0,0,0,0,0,0,0,1,1,0,0,1,0,0,0,0,0,0,0,0,0,0,0,0,0,0,0,0,0,0,1,1,1,2,1,0,1,3,0,0,0,1,0,3,5,1
z0023318,0,0,0,0,0,0,0,0,0,2,1,1,0,0,0,1,0,0,0,0,3,3,3,1,3,0,0,0,0,0,0,0,1,0,0,0,16,0,0,0,0,0,0,0,0,0,0,0,0,0,0,0,0,0,2,0,0,0,1,0,0,0,0,1,0,0,2,0,0,0,0,1,0,0,0,0,0,1,0,0,1,2,1,0,2,0,0,0,6,0,0,0,0,0,0,0,0,0,0,0,0,1,0,0,0,0,0,0,0,0,0,0,1,0,0,0,0,0,0,0,0,0,0,3,1,0,0,0,0,0,0,0,0,0,0,0,0,0,0,0,0,0,0,0,0,0,2,0,0,0,0,0,0,0,0,0,0,2,0,0,0,2,1,4,0,0,1,0,1,4,3,2,0,1,3,9,0,3,1,5,1,3,7,0
z0023319,0,0,0,0,0,1,1,0,1,1,0,1,1,0,0,1,0,1,0,3,3,4,2,2,3,0,0,0,0,0,1,0,0,0,0,0,18,0,0,0,0,0,0,0,0,0,0,0,1,0,0,0,0,0,0,0,1,0,1,0,0,0,2,1,0,0,1,2,1,0,0,0,0,2,0,0,0,0,2,4,0,2,0,2,0,0,1,0,28,0,0,0,0,0,4,0,0,0,1,1,1,4,0,1,2,0,0,0,1,0,0,0,2,0,0,0,0,0,1,3,0,0,0,2,3,0,0,1,0,1,0,0,0,0,0,0,0,0,0,0,0,0,0,0,0,1,3,8,4,2,0,0,0,0,0,0,1,0,0,0,0,0,1,0,0,0,0,0,2,3,3,3,0,1,6,11,0,2,1,4,2,5,5,0
z0023321,0,0,0,0,0,1,1,0,0,0,0,1,0,0,0,0,1,0,0,0,0,1,1,1,2,0,1,0,0,0,0,0,0,0,0,0,5,0,0,0,0,0,0,0,0,0,0,0,0,0,0,0,0,0,0,0,0,0,2,1,0,0,0,0,0,0,2,0,0,0,0,0,0,0,0,0,0,0,2,0,0,1,0,0,0,0,0,0,7,1,0,0,0,0,2,0,0,0,0,0,1,1,0,0,0,0,2,0,0,0,0,0,0,0,0,0,0,0,0,0,0,0,0,0,1,0,0,0,0,1,0,0,0,0,0,0,0,0,0,0,0,0,0,0,0,0,1,0,0,1,0,2,0,0,0,0,0,0,0,0,0,1,0,0,1,0,0,0,1,3,4,1,1,1,0,8,0,3,0,0,0,2,3,0
z0027453,0,0,2,0,2,0,0,1,1,2,2,1,1,3,0,0,1,3,1,0,4,5,3,1,5,0,1,1,0,0,4,0,0,0,2,0,24,4,0,0,0,0,3,1,0,0,0,3,0,2,2,0,2,0,0,0,0,0,2,4,0,0,1,2,0,0,0,3,1,0,0,0,0,0,0,0,0,0,0,2,0,3,1,0,0,0,0,0,26,0,0,0,0,0,0,0,1,0,0,1,3,4,0,3,2,2,2,0,0,0,0,0,2,0,0,0,0,0,2,3,0,0,0,0,5,0,0,1,0,4,0,0,1,2,1,0,3,0,0,2,0,0,0,0,1,2,5,2,4,1,2,0,0,0,0,0,2,0,0,2,0,4,2,2,0,0,0,0,4,8,9,9,0,1,2,9,0,4,2,4,3,10,12,0
z0027455,0,0,0,0,0,0,4,0,0,0,1,2,2,0,0,0,2,1,1,0,0,1,3,7,6,2,1,0,0,0,3,0,0,0,0,2,15,0,3,0,0,0,0,0,1,1,0,0,0,1,0,2,0,0,0,0,0,0,0,1,0,0,1,1,0,0,0,1,0,0,0,0,0,0,0,0,0,1,0,3,2,2,0,2,0,0,0,2,26,2,0,0,0,0,3,1,0,0,0,0,3,4,0,3,1,0,0,0,0,0,0,0,1,0,0,0,1,0,2,1,0,0,0,1,3,0,0,1,0,2,0,0,2,0,0,0,1,0,0,0,0,0,0,0,0,0,2,2,0,1,0,1,0,0,0,0,1,0,1,0,0,2,2,2,1,0,0,0,5,5,6,5,0,3,1,12,0,3,1,2,2,5,7,0
z0033888,1,0,0,0,0,1,0,0,0,1,0,1,1,0,0,0,0,1,0,0,0,2,0,1,2,2,0,0,0,0,0,0,0,0,0,0,5,0,1,0,0,0,0,0,0,0,0,0,0,0,0,0,0,0,0,0,1,0,0,0,0,0,0,0,0,0,2,1,0,0,0,0,0,0,0,0,0,0,0,1,0,1,0,0,0,0,0,0,12,1,0,0,0,0,0,0,0,0,0,0,2,0,0,1,0,0,0,0,0,0,0,0,0,0,0,0,0,0,0,1,0,0,0,0,2,0,0,0,0,1,0,0,0,0,0,0,0,0,0,0,0,0,0,0,0,0,2,1,0,0,0,0,0,0,0,0,1,0,0,0,0,0,1,3,0,0,0,2,2,4,5,3,0,1,2,8,0,1,2,1,1,2,2,0
z0033893,0,1,1,0,0,1,0,1,0,1,0,2,0,0,0,3,1,1,3,0,2,2,5,2,3,0,0,0,0,0,1,0,0,0,0,0,10,0,0,0,0,0,2,0,0,0,0,0,0,1,0,0,0,0,0,0,1,0,0,1,0,0,0,1,0,0,0,1,0,0,0,0,0,0,0,0,0,0,1,0,0,2,0,1,0,2,1,0,15,0,0,0,0,0,2,0,0,0,0,0,2,3,0,1,0,0,0,0,0,0,0,0,0,0,2,0,0,0,0,1,0,0,0,2,5,0,0,0,0,1,0,0,2,0,0,0,2,0,0,0,0,0,0,0,0,1,3,3,0,1,1,0,0,0,0,2,0,0,1,0,0,0,0,2,1,0,1,0,1,5,4,1,0,1,0,2,0,0,1,1,1,4,3,0
z0033898,0,0,0,0,0,0,0,0,0,0,0,1,1,0,0,1,1,1,0,0,0,0,0,2,5,0,0,0,0,0,1,0,0,0,1,0,10,0,0,0,0,0,0,1,0,0,0,0,0,0,0,0,0,0,0,0,0,0,1,1,0,0,0,1,0,0,0,1,1,0,0,0,0,2,2,0,0,0,0,1,0,2,0,0,2,0,1,0,15,0,0,0,0,0,0,0,0,0,0,0,1,3,0,1,0,0,0,0,0,0,0,0,0,0,0,1,0,0,2,0,0,0,0,0,1,0,0,0,0,1,0,4,1,0,0,0,0,0,0,0,0,0,0,0,0,0,1,0,0,1,1,0,0,0,0,0,1,0,0,0,0,0,0,2,0,2,0,0,1,2,4,2,0,0,0,5,1,1,1,1,1,2,5,0
z0033906,0,0,0,0,0,3,1,0,0,3,0,0,0,0,1,3,0,1,1,0,0,5,3,4,2,1,0,1,0,0,3,0,0,0,0,0,16,0,0,0,1,0,1,2,0,0,1,2,0,2,0,0,0,0,0,1,0,0,1,0,0,0,0,1,0,0,0,2,0,0,0,0,0,0,0,0,1,0,0,0,1,1,0,2,1,0,0,2,19,1,1,2,0,1,3,0,0,1,0,1,2,4,1,0,1,0,0,0,0,0,0,0,0,1,0,0,1,0,2,1,0,0,2,2,1,0,0,0,0,1,0,0,0,0,0,0,0,2,0,0,0,0,0,0,0,2,4,0,0,0,0,0,0,0,0,2,1,0,0,1,0,1,0,0,1,0,0,0,2,5,6,3,0,0,0,3,0,1,0,2,0,4,3,0
z0033908,1,1,0,0,0,2,3,1,0,3,0,2,0,0,0,1,2,1,0,0,1,3,3,5,4,1,0,0,0,0,2,1,0,0,3,0,18,0,0,0,0,0,0,0,0,0,0,1,0,0,1,0,0,1,0,0,0,0,1,2,0,0,1,2,0,2,0,3,2,0,0,0,0,2,0,0,0,2,0,3,2,2,1,2,0,1,1,0,11,0,0,0,1,0,4,0,0,0,0,1,2,3,0,1,0,1,1,0,0,0,0,0,0,0,0,0,1,0,2,0,0,0,0,1,5,0,0,1,0,1,0,0,0,0,0,0,0,0,0,0,0,0,0,0,0,0,4,2,1,1,0,0,0,0,0,0,1,0,0,0,0,3,1,1,3,0,0,1,0,7,8,2,0,1,3,5,0,2,0,4,0,3,5,0
z0041286,0,0,0,0,0,1,1,0,0,0,2,1,0,0,0,0,22,1,0,0,0,2,2,1,3,0,0,0,0,0,2,0,1,0,1,0,14,0,0,0,0,0,0,1,0,0,2,1,0,1,0,0,0,0,0,0,0,0,1,1,0,0,0,0,0,0,0,1,1,0,0,0,0,0,0,0,0,0,0,2,0,1,0,1,0,0,1,1,22,0,0,0,0,1,0,0,0,0,0,0,2,2,0,1,1,0,1,0,0,0,0,0,0,0,0,0,0,0,0,1,0,0,0,0,9,0,0,0,1,1,2,2,0,0,0,0,0,0,0,0,0,0,0,0,0,1,3,3,1,2,0,0,0,0,0,0,0,0,1,0,0,0,0,2,3,0,0,0,0,2,2,1,0,1,1,2,0,0,1,1,1,3,6,0
z0045921,0,0,1,0,0,0,2,0,0,2,0,1,0,2,0,4,3,1,0,0,0,1,2,2,4,0,0,1,0,0,0,0,0,0,0,0,13,1,0,0,0,0,0,0,0,0,0,0,0,1,0,0,1,0,0,0,0,0,1,0,0,0,0,1,0,0,0,0,0,0,0,0,0,0,0,0,0,3,0,1,0,2,0,0,0,2,1,1,21,0,0,0,0,1,0,0,0,0,0,0,1,2,0,1,0,0,2,0,0,0,0,0,0,0,0,0,0,0,1,0,1,0,0,0,4,0,0,0,0,1,0,0,1,0,0,1,0,0,0,0,0,0,0,0,0,0,2,0,1,0,0,0,0,0,0,0,0,0,0,0,0,0,1,1,0,0,0,0,2,2,1,1,0,0,1,3,1,2,1,2,1,2,4,0
z0045925,0,0,0,0,1,2,1,0,0,0,0,1,0,0,0,0,1,2,0,0,0,3,3,2,5,1,0,0,0,0,4,0,0,0,0,0,10,0,0,0,0,0,0,0,0,0,0,0,0,1,0,0,0,0,0,0,0,0,3,5,0,0,3,2,0,0,0,3,1,0,0,1,0,0,1,0,1,0,0,2,2,3,0,2,1,0,1,0,22,1,0,0,3,0,2,0,0,2,0,0,1,2,0,1,2,1,0,0,0,0,0,0,2,1,0,0,2,0,0,1,1,0,0,0,0,0,0,2,0,0,0,0,0,0,0,0,2,0,0,0,0,0,0,0,0,0,3,1,0,1,0,0,0,1,0,0,0,0,0,0,0,0,0,1,0,0,0,0,1,3,5,5,0,0,0,5,0,1,2,0,1,2,3,1
z0045928,0,1,0,0,0,0,1,0,0,1,0,5,0,0,1,1,1,2,0,0,1,6,4,1,4,0,0,0,0,0,2,3,1,0,0,1,16,0,0,0,0,0,0,0,0,0,0,1,0,2,0,0,0,0,0,2,0,0,2,2,0,2,0,2,0,0,0,3,0,0,1,0,0,0,0,0,2,2,0,4,1,3,3,2,1,1,0,1,15,2,0,1,1,0,1,0,0,2,2,0,1,4,0,2,3,1,0,0,2,0,0,0,2,0,0,0,0,0,3,2,0,0,0,3,1,1,2,1,0,2,0,0,1,0,0,1,0,0,0,0,0,0,0,0,0,3,2,2,1,3,0,0,0,1,0,0,2,0,0,0,0,1,0,2,0,0,0,0,3,1,2,2,1,0,1,8,0,2,1,2,0,3,3,0
z0045931,0,0,0,0,0,0,0,0,2,1,0,2,0,3,0,0,2,1,0,0,1,0,4,3,3,0,0,0,0,0,1,0,0,2,2,0,11,0,0,0,0,0,1,1,0,0,0,0,0,0,0,0,0,0,0,0,0,0,0,1,0,0,1,1,0,0,0,2,1,0,0,0,0,0,0,0,0,0,0,0,0,1,1,0,0,1,0,1,26,0,0,0,0,0,3,0,0,0,0,0,0,2,1,1,4,1,0,0,0,0,0,1,1,3,0,0,0,0,1,0,0,0,0,1,0,0,0,2,0,2,0,0,1,0,0,0,0,0,0,0,0,0,0,0,2,0,2,0,7,2,0,0,0,0,0,0,0,0,0,0,0,1,0,1,1,0,0,0,1,2,0,5,0,0,0,5,0,1,0,1,0,5,7,0
z0049046,0,0,0,0,0,1,2,0,1,2,0,1,0,0,0,0,2,1,1,1,4,1,3,3,3,0,0,0,0,0,1,0,2,0,0,0,13,1,0,0,0,0,0,1,0,0,0,0,0,0,0,0,1,0,0,0,0,0,1,1,0,0,1,1,0,0,0,1,0,0,0,0,0,0,0,0,0,0,0,0,0,2,0,0,2,1,0,0,26,0,2,0,0,0,4,0,0,0,0,2,2,3,2,2,0,0,2,0,0,0,0,1,1,0,0,0,0,0,1,2,0,0,0,0,5,0,0,2,0,0,0,0,0,0,0,1,2,0,0,0,0,1,0,0,0,0,1,0,0,0,0,0,0,0,0,0,4,2,1,0,0,4,2,4,1,0,4,0,1,6,7,3,0,3,1,8,0,5,1,1,2,3,5,0
z0049048,0,0,0,0,0,0,1,0,1,0,0,1,0,0,0,1,1,4,0,0,2,3,3,3,3,0,0,0,0,0,1,0,1,2,0,0,14,0,0,0,0,1,0,0,0,0,0,1,0,4,0,4,0,0,0,0,0,1,1,1,0,0,1,1,0,0,0,3,1,0,0,0,0,0,0,0,0,0,1,1,0,2,0,0,0,0,1,0,18,0,0,0,2,0,5,0,0,2,0,0,1,2,0,1,0,0,0,0,0,0,0,0,1,1,0,0,0,0,2,1,0,0,0,2,5,0,0,1,0,5,0,0,0,0,0,0,0,0,0,0,0,0,0,1,0,0,2,1,0,0,0,0,0,0,0,0,0,0,2,0,0,1,0,0,0,0,0,0,1,3,4,4,0,0,2,5,0,2,0,1,2,3,5,0
z0049050,0,0,0,0,1,1,0,2,2,0,0,1,0,0,1,0,1,0,0,0,0,1,1,0,5,0,0,0,0,0,1,0,2,0,0,0,4,0,0,0,0,1,0,0,0,0,0,0,0,0,0,0,0,0,1,0,0,0,0,1,0,0,1,0,0,0,0,0,1,0,0,0,0,0,0,0,0,0,0,0,0,0,0,0,0,0,0,0,13,0,0,0,2,0,1,1,0,0,0,0,3,1,0,0,2,0,0,0,0,0,0,0,0,0,0,0,0,1,0,0,0,0,0,0,2,0,0,0,0,2,0,0,0,0,0,1,0,0,1,0,0,0,0,0,0,0,3,1,2,1,0,0,0,0,0,0,0,0,0,0,0,0,2,3,0,0,0,2,1,2,6,2,0,1,1,3,1,0,0,0,0,1,3,0
z0049051,0,0,0,0,0,0,1,0,0,0,1,0,2,1,0,1,0,1,0,0,0,2,2,2,5,0,1,0,0,0,2,0,0,1,2,0,9,0,0,0,0,0,0,0,0,0,0,0,0,0,0,0,1,0,0,1,0,1,2,1,0,1,1,1,0,0,0,1,0,0,0,0,0,0,0,0,0,2,0,1,0,2,0,1,1,0,0,0,31,0,0,0,0,3,2,0,0,0,0,0,0,2,0,1,0,0,0,0,0,0,0,0,0,1,0,0,0,0,0,1,0,0,0,5,2,0,0,0,0,5,0,0,2,0,0,2,0,0,0,0,2,0,0,0,1,5,3,1,2,1,0,0,0,2,0,0,0,0,0,2,0,0,0,2,0,0,0,0,4,4,4,1,0,2,1,3,0,1,1,1,0,2,5,0
z0049052,0,0,2,0,0,0,0,1,0,0,0,0,1,0,0,0,1,0,0,0,4,2,1,1,4,0,0,0,0,0,2,0,0,0,0,0,10,0,1,0,0,0,0,0,0,0,0,0,0,0,0,0,0,0,1,0,0,0,0,1,0,0,0,2,0,0,0,1,0,0,1,0,0,0,0,0,0,0,0,1,5,3,0,1,0,0,0,0,9,0,1,0,1,2,2,0,0,0,0,4,1,3,0,1,0,1,1,0,0,0,0,0,0,0,0,0,0,0,1,2,0,0,0,0,2,0,0,0,0,1,0,0,0,0,0,1,0,0,0,0,0,0,0,0,0,0,2,1,0,0,0,0,1,0,0,0,3,0,0,0,0,5,0,3,0,0,0,0,3,5,3,6,1,0,0,7,0,1,1,3,1,2,5,0
z0061425,0,0,0,0,0,0,1,0,2,0,0,2,0,0,0,1,2,2,0,1,0,3,2,4,4,1,0,0,0,0,1,0,1,0,0,0,9,0,0,0,0,0,0,0,0,0,0,0,0,0,0,0,0,0,0,0,0,0,0,0,0,1,0,1,0,0,0,1,0,0,1,0,0,0,0,0,0,1,0,1,0,1,0,1,0,0,1,0,20,1,0,0,0,1,1,0,0,0,0,0,2,2,0,0,0,0,0,0,0,0,0,0,1,0,0,0,0,0,1,0,0,0,0,0,3,0,0,0,0,0,0,0,0,0,0,0,0,0,0,0,0,0,0,0,0,1,3,1,0,0,0,0,0,0,0,0,0,0,0,0,0,2,1,0,0,1,2,0,0,1,5,3,2,1,3,3,0,1,0,3,2,1,5,0
z0071016,0,0,0,2,2,2,1,1,0,0,0,3,0,1,0,0,4,2,0,0,1,2,2,2,3,0,0,0,0,0,2,0,0,0,0,0,13,0,2,0,0,0,0,1,0,0,0,0,0,1,0,0,0,1,0,0,0,0,0,1,0,0,2,2,0,0,0,1,1,0,0,0,0,0,0,0,1,0,0,1,1,1,0,0,0,0,0,1,20,0,0,0,0,0,4,0,0,0,1,0,4,1,0,0,0,1,0,0,0,0,0,0,1,0,0,0,1,0,0,1,0,0,0,0,5,0,0,1,0,4,0,0,1,0,0,0,1,0,0,0,0,0,0,0,0,2,4,0,2,2,0,0,0,0,0,0,0,0,2,0,0,1,0,2,0,0,0,1,2,3,7,2,1,2,1,4,2,5,2,1,0,2,4,0
z0075660,0,0,0,2,0,0,1,1,1,2,0,1,0,1,0,0,0,0,0,0,2,4,3,3,3,0,0,0,0,0,2,0,0,0,0,0,15,0,0,0,0,0,0,0,0,0,2,0,0,1,1,0,0,0,0,0,0,0,2,2,0,3,3,2,0,0,0,1,1,0,0,0,0,0,0,0,0,0,2,3,2,3,1,1,1,1,0,0,31,0,0,0,0,0,1,0,1,0,1,0,3,4,2,1,1,2,0,0,0,0,0,1,0,0,0,0,0,0,1,1,0,0,0,3,8,2,0,0,0,1,0,0,2,0,0,0,1,0,0,1,0,0,0,0,0,0,2,0,1,0,0,0,0,0,0,0,2,0,1,0,0,1,0,5,0,0,0,0,2,5,7,6,0,3,2,15,0,3,2,1,3,3,10,0
z0075663,0,0,0,0,1,1,1,0,0,1,0,2,0,3,0,1,0,2,0,0,2,2,5,2,5,0,0,0,0,0,0,0,0,0,0,0,8,0,0,0,0,0,0,0,0,0,0,0,0,1,0,0,0,0,0,0,1,0,2,1,0,0,0,4,1,0,0,2,3,0,0,0,0,0,0,1,0,0,0,2,1,4,0,2,0,2,0,1,16,1,0,0,2,0,3,3,1,0,0,0,1,4,1,1,0,0,0,1,0,0,0,0,2,2,0,0,1,0,3,4,0,0,0,2,4,0,0,2,0,1,0,1,1,0,0,0,0,0,1,0,2,0,0,0,2,1,2,0,0,1,0,0,0,0,0,0,0,0,0,0,0,0,0,1,1,0,0,1,1,5,4,5,0,1,1,4,0,1,0,0,2,3,8,0
z0075665,0,0,0,0,0,0,0,0,0,0,1,1,0,2,0,0,1,3,0,0,1,2,3,2,3,0,1,0,0,0,0,0,0,0,2,0,16,0,0,0,0,0,1,1,0,0,0,1,0,1,0,0,0,1,0,0,0,1,2,2,2,0,0,2,0,0,0,2,1,0,0,0,0,2,0,0,2,1,0,3,1,1,0,1,0,0,1,0,10,1,1,0,0,0,1,1,0,0,0,0,2,1,0,2,0,0,0,0,0,0,0,0,0,0,0,0,0,0,1,0,0,0,0,1,2,0,0,0,0,0,1,0,1,0,0,0,1,0,2,0,0,0,0,0,0,1,2,0,0,1,0,0,0,0,0,0,1,0,0,0,0,2,0,1,2,0,0,0,2,7,5,4,0,2,1,8,1,3,3,6,0,4,8,0
z0075676,0,0,0,0,0,0,0,0,0,1,0,1,0,0,0,0,1,1,0,0,0,3,1,1,3,0,0,0,0,0,0,0,0,0,0,0,11,0,0,0,0,0,0,2,0,0,0,0,2,2,0,0,0,1,0,0,0,0,1,1,2,1,0,2,0,0,0,1,0,0,0,0,0,0,0,0,1,0,0,1,2,1,2,1,0,1,2,0,16,0,0,0,0,2,1,0,0,0,0,0,3,1,0,0,2,0,1,0,0,0,0,0,0,0,0,0,0,0,1,0,0,1,0,0,3,0,0,1,0,0,0,1,0,0,0,0,1,0,0,0,0,0,0,0,0,0,2,0,2,1,0,0,0,0,0,0,0,0,0,0,0,1,0,1,0,0,0,1,0,1,4,4,0,1,1,5,0,1,2,1,0,1,3,0
z0075677,0,0,0,0,1,0,1,0,0,0,1,2,0,0,0,1,1,1,0,0,3,2,2,2,4,0,0,0,0,0,1,0,0,0,0,0,15,0,0,0,0,0,0,0,0,0,0,0,0,1,0,0,0,1,0,0,3,0,1,1,0,0,0,2,0,0,0,3,0,0,0,0,2,0,0,0,0,0,0,5,0,1,0,0,0,0,0,2,33,0,0,0,2,0,1,0,0,0,0,0,3,3,2,1,2,0,1,0,0,0,1,0,1,0,0,2,0,0,0,1,0,0,0,0,6,0,0,0,0,1,0,0,2,0,0,0,0,0,0,0,0,0,0,0,0,0,1,1,0,1,0,0,0,0,0,0,0,0,0,0,0,0,1,1,0,1,0,0,3,1,1,2,0,0,1,8,0,3,2,1,0,2,2,1
z0075678,0,0,0,0,0,0,2,0,0,0,0,0,0,0,2,0,2,1,0,0,1,5,2,2,3,0,0,1,0,0,2,0,0,0,0,1,8,0,1,0,0,0,1,0,0,1,0,0,0,0,0,0,0,0,0,0,0,1,0,1,0,0,1,1,0,0,0,1,1,0,0,0,0,0,0,0,0,0,0,4,0,2,0,0,0,0,0,0,15,0,0,0,0,0,0,0,0,1,0,2,1,2,0,1,1,0,0,0,0,0,0,2,1,0,0,0,0,0,1,0,0,0,1,0,3,0,0,2,0,1,0,0,1,0,1,1,2,0,0,0,1,0,0,0,2,1,1,0,2,1,0,0,0,0,0,0,0,0,0,0,0,1,0,2,0,0,0,0,1,1,2,1,0,1,1,4,0,1,0,0,0,3,3,0
z0091082,0,0,0,0,0,2,0,0,0,0,0,1,1,0,0,0,1,3,0,1,0,3,4,4,5,0,0,0,0,0,3,0,0,0,1,0,17,0,0,0,0,0,0,0,0,0,0,0,0,0,0,0,0,0,0,0,0,0,1,0,0,0,3,3,0,0,0,1,1,0,0,0,0,0,0,3,0,0,0,2,2,3,0,0,0,1,0,0,18,4,0,0,1,0,1,0,0,0,1,0,2,3,0,1,3,0,0,0,0,0,0,0,0,0,0,0,0,0,1,0,0,0,0,1,6,0,0,1,1,1,1,0,2,0,0,0,1,0,0,0,0,0,0,0,0,1,1,0,3,0,0,0,0,0,0,0,1,0,0,0,0,0,2,2,0,0,0,0,1,3,5,1,0,2,0,4,0,0,0,1,0,2,4,0
z0091085,0,0,0,0,0,0,1,0,0,0,0,0,0,0,0,0,1,1,0,0,0,0,0,0,2,0,0,0,0,2,5,0,0,0,0,0,7,0,0,0,0,0,0,0,0,0,0,1,1,0,0,0,2,0,0,0,0,0,0,0,0,0,0,0,0,0,0,0,0,0,0,0,0,0,0,0,0,0,0,1,4,0,1,0,0,0,0,0,7,1,0,0,0,0,0,2,0,0,0,2,0,1,0,0,0,0,0,0,0,0,0,0,0,1,0,0,0,0,0,0,0,0,0,0,2,0,0,0,0,0,0,0,0,0,0,0,0,0,0,0,0,0,0,0,0,0,2,1,0,1,0,0,0,0,0,0,0,0,0,0,0,0,1,1,0,0,0,2,1,3,4,3,0,0,1,4,2,1,0,0,2,3,4,0
z0091086,0,0,0,0,0,1,1,3,0,0,0,3,0,3,0,2,0,2,1,2,1,6,7,2,6,2,0,0,0,0,0,1,0,0,2,0,27,0,0,0,0,0,0,0,0,0,0,0,0,1,0,0,1,0,0,0,0,0,1,1,0,1,0,1,0,0,0,1,1,0,0,0,0,0,0,0,0,0,0,2,1,1,0,1,0,2,0,1,16,0,2,0,0,0,1,0,0,0,0,0,2,2,0,0,0,0,0,0,0,0,0,0,0,0,0,0,0,0,0,0,0,0,0,0,0,0,0,0,0,0,0,0,0,0,0,0,0,0,0,0,0,0,0,0,0,1,3,1,2,1,0,0,0,0,0,0,2,0,0,0,2,1,0,2,4,0,0,0,4,2,5,5,0,4,1,3,2,1,1,2,1,4,6,1
z0091275,0,0,0,0,0,0,0,0,1,0,0,3,0,3,1,1,1,1,0,0,0,1,2,2,1,0,0,0,0,0,1,0,0,0,0,0,10,0,0,0,0,0,1,0,0,0,0,0,0,1,0,0,0,0,0,0,0,0,0,0,0,2,1,1,0,0,0,3,0,0,0,0,0,0,0,0,0,0,0,2,1,1,0,1,0,0,2,3,4,0,0,1,0,2,1,0,1,0,1,0,1,5,0,0,0,0,0,0,0,0,0,0,1,0,0,0,0,0,1,0,0,0,0,0,1,0,2,1,0,0,0,0,0,0,0,0,0,2,0,0,0,0,0,0,0,5,7,3,3,3,0,0,0,0,0,0,0,0,0,0,2,3,0,1,0,0,0,0,1,2,2,1,0,0,2,1,0,0,1,0,1,3,4,0
z0091276,0,0,0,0,0,0,1,0,2,4,0,1,0,1,0,1,1,0,0,0,0,4,3,3,6,0,0,3,0,0,1,0,0,0,0,0,12,0,0,0,1,0,1,1,0,0,0,5,0,1,0,0,0,0,0,0,0,0,1,0,0,0,0,2,0,0,0,1,1,0,2,0,0,0,0,0,0,0,0,1,1,4,0,4,1,3,0,0,20,1,0,0,0,0,1,0,0,0,0,0,2,0,0,1,0,0,0,1,0,0,0,0,2,0,0,0,0,0,1,1,0,0,0,0,5,0,0,1,0,0,0,0,1,0,0,0,0,0,0,0,0,0,0,0,0,0,1,0,2,1,0,0,0,0,0,0,2,0,0,0,0,1,0,1,0,0,2,0,2,4,4,3,0,2,2,5,0,1,2,2,2,3,3,0
z0091277,0,0,0,0,2,0,0,0,0,2,0,2,0,0,1,0,0,0,0,0,0,1,1,1,3,0,0,0,0,0,0,0,0,0,0,0,12,1,0,0,0,0,2,0,0,0,0,1,0,1,0,0,0,0,0,0,0,0,2,3,0,0,1,1,0,0,2,1,1,0,0,0,0,0,0,0,0,0,0,1,0,1,0,0,2,0,2,0,16,0,0,0,0,0,1,0,0,0,0,0,2,2,0,0,0,0,0,0,0,0,0,0,0,0,0,0,2,0,2,0,0,0,0,2,1,1,1,2,1,1,0,2,2,0,0,0,0,0,0,0,0,0,0,0,0,1,1,0,0,1,0,0,0,0,0,0,0,0,0,0,0,4,0,1,0,0,1,0,1,3,7,2,0,0,2,6,0,2,0,2,0,3,3,0
z0091284,0,0,0,0,1,0,1,3,0,2,2,2,0,0,1,2,1,0,1,0,3,2,3,3,3,0,0,0,0,0,2,0,0,0,0,1,16,2,0,0,0,0,0,0,0,0,0,0,0,1,0,0,0,0,0,0,0,0,0,0,0,0,0,1,0,0,0,1,1,0,0,0,0,0,0,0,2,0,0,3,1,4,0,3,1,0,0,0,13,0,0,0,1,0,2,1,1,0,0,0,2,5,2,2,4,1,0,0,1,0,0,0,1,0,0,0,0,0,1,1,0,0,0,0,1,0,0,2,1,2,0,0,1,0,0,0,2,0,0,0,0,0,0,0,0,1,2,1,0,1,0,0,0,0,0,0,0,1,0,1,0,1,1,1,2,0,0,0,2,4,4,3,0,1,2,6,0,0,0,0,1,5,8,1
z0091285,0,0,0,0,0,0,0,0,0,0,0,0,0,0,0,0,0,0,0,0,2,1,1,1,1,0,0,0,0,0,0,0,0,1,0,0,8,0,0,1,0,0,0,0,0,0,0,0,0,0,0,0,4,0,0,0,0,0,0,0,0,0,0,0,0,0,2,0,0,0,0,0,0,0,0,0,0,0,0,0,0,1,0,0,0,0,0,0,8,0,0,0,0,0,1,0,0,0,0,0,2,1,0,0,1,0,0,0,0,0,0,0,0,0,0,0,0,0,1,0,0,0,0,0,2,0,0,0,0,0,0,0,0,0,0,0,0,0,0,0,0,0,0,0,0,0,1,0,0,1,1,0,0,0,0,0,0,0,0,0,0,0,0,2,0,0,0,0,2,3,2,1,0,0,0,2,0,0,1,1,4,2,1,0
z0091286,0,1,0,0,0,0,0,0,0,0,2,2,0,0,2,3,0,0,0,0,0,1,0,2,3,0,0,1,0,0,1,0,0,1,0,0,8,2,2,0,2,0,0,2,0,0,0,0,0,0,0,0,0,0,0,0,0,0,1,1,0,0,0,0,0,0,0,1,0,4,0,0,0,0,0,0,0,0,0,1,2,0,0,4,1,0,0,0,14,0,0,0,0,0,0,0,1,0,0,0,0,4,0,1,0,1,0,0,0,0,0,0,1,3,0,0,0,0,0,0,0,0,0,0,3,0,0,0,0,1,0,0,0,0,0,0,0,0,0,0,0,0,0,0,0,0,1,1,0,1,0,0,0,0,0,0,0,0,0,0,0,0,1,0,0,0,0,0,1,0,0,0,0,1,0,3,0,0,1,0,0,0,0,0
z0092243,0,0,0,0,1,2,0,3,0,0,1,2,1,0,1,1,1,1,0,0,0,4,2,1,2,0,0,0,1,0,1,0,0,0,0,0,18,0,0,2,0,0,0,0,0,0,0,0,0,0,0,0,0,0,0,2,0,0,1,0,0,0,1,0,0,0,0,0,1,0,0,0,0,1,0,0,0,0,0,1,0,1,0,1,0,2,1,0,20,0,0,1,0,0,1,0,3,0,0,0,3,4,0,2,1,0,0,0,0,0,0,2,0,0,0,0,0,0,1,1,0,0,1,0,5,0,0,0,0,1,1,0,2,0,0,0,1,1,0,0,0,1,0,0,0,0,3,1,2,2,0,1,2,0,0,0,1,0,0,0,1,3,0,2,0,0,1,0,1,3,3,1,0,0,0,7,0,1,0,1,0,2,3,1
z0092256,1,0,2,0,0,0,1,0,0,0,0,2,0,0,0,1,0,0,0,0,2,2,2,1,3,0,0,0,2,0,1,0,0,0,0,0,13,0,0,0,0,0,0,0,0,0,0,0,0,1,0,0,0,0,0,0,0,0,2,2,0,0,1,1,0,0,0,3,0,0,0,0,0,0,0,0,0,2,1,2,0,3,0,3,2,0,0,0,8,0,0,0,0,0,2,0,0,2,0,0,0,2,0,0,0,0,0,0,0,1,0,0,0,0,0,0,0,0,1,1,0,0,0,2,4,0,0,0,0,1,0,0,0,0,0,1,1,0,0,0,0,1,0,0,0,0,3,1,2,1,0,0,0,0,0,0,3,0,0,0,0,2,0,0,0,0,0,0,2,8,6,4,0,1,2,6,0,2,5,2,3,3,7,1
z0098734,0,0,0,0,0,0,2,0,0,0,0,1,1,0,0,0,0,1,1,0,1,3,3,3,7,0,0,1,0,0,1,0,0,0,0,0,16,0,0,0,0,2,0,0,0,0,0,0,0,2,1,0,0,0,0,0,0,0,1,0,0,1,0,3,0,0,2,0,0,0,0,0,0,0,0,0,0,0,1,1,0,1,1,3,0,0,0,0,9,1,0,0,0,0,2,0,0,0,0,0,0,2,0,2,0,0,0,0,0,0,0,0,1,1,0,0,0,0,5,0,0,0,0,0,1,0,0,1,0,2,0,0,1,0,0,1,0,0,0,0,0,0,0,0,0,2,5,0,2,2,0,0,0,0,0,0,0,0,0,1,0,1,3,0,0,0,0,0,2,6,4,4,0,1,0,4,0,1,1,5,2,3,4,0
z0098735,0,0,0,0,0,1,1,0,0,1,1,1,1,1,2,0,1,2,2,0,2,4,2,1,1,0,0,0,0,0,1,0,0,0,1,3,14,0,0,0,0,0,1,0,0,0,0,0,0,0,0,0,0,0,0,1,0,0,2,4,0,2,0,4,2,0,0,6,0,0,0,0,0,0,0,0,0,1,0,3,0,1,0,1,2,0,0,0,37,0,0,0,2,0,2,0,0,0,0,2,3,3,0,3,0,2,0,0,0,1,0,0,2,0,0,1,1,0,3,1,0,0,0,2,4,0,0,5,0,3,0,0,1,0,0,0,2,1,1,0,0,0,0,0,0,2,5,1,3,2,1,0,0,0,0,0,2,0,0,0,0,0,1,5,0,0,2,0,4,4,5,6,0,2,1,11,0,2,0,3,2,4,10,0
z0098736,0,2,0,0,0,3,3,0,0,3,0,1,2,0,1,1,1,1,0,0,0,5,1,3,4,0,0,0,0,0,1,0,0,0,0,0,11,0,0,2,0,0,0,0,0,0,0,0,0,0,0,2,0,0,0,0,0,0,2,0,0,0,0,0,0,0,0,0,0,0,0,0,0,0,0,0,0,1,0,1,1,1,2,3,0,2,0,0,25,1,0,0,0,1,2,0,0,2,0,0,0,2,0,1,3,0,2,0,0,0,0,0,0,1,0,0,0,0,1,1,0,0,0,0,3,0,0,0,0,0,0,0,1,0,0,0,0,1,0,0,1,0,0,0,0,0,3,0,2,1,1,0,0,0,0,0,0,0,0,0,0,0,0,1,0,0,0,0,2,3,3,2,2,0,1,4,0,1,1,1,1,2,6,0
z0098737,0,0,0,0,0,0,0,0,0,0,0,0,0,0,0,0,0,0,0,0,1,1,3,1,0,0,0,0,0,0,0,0,0,0,0,2,7,0,0,0,0,0,1,0,0,0,0,0,0,0,0,0,0,0,0,0,1,2,2,1,0,0,3,2,0,0,0,2,2,0,0,0,0,0,0,0,2,0,0,2,2,1,0,0,0,0,0,0,7,1,0,0,0,0,3,0,0,1,1,0,0,1,0,0,0,1,0,0,0,0,0,0,0,2,0,0,0,0,1,0,0,0,0,0,1,0,0,0,0,0,0,0,1,0,0,0,1,0,0,0,0,0,0,0,0,0,0,0,0,2,0,0,1,0,0,0,1,0,1,0,0,0,0,0,0,2,3,0,2,7,3,4,0,2,2,13,0,1,2,1,1,3,5,1
z0098738,0,1,0,0,0,0,1,0,0,0,0,1,0,0,0,0,1,4,0,0,3,7,3,4,3,0,0,0,0,0,1,0,0,0,0,0,11,0,0,0,0,0,0,3,1,0,0,0,0,0,0,0,0,0,0,0,0,0,2,1,0,2,1,3,0,0,0,2,0,0,0,0,0,0,0,0,1,1,0,3,0,2,0,1,0,0,0,0,21,1,0,0,1,0,1,0,0,1,1,0,1,4,0,4,2,0,1,0,0,0,0,0,0,0,0,0,0,0,2,1,0,0,0,0,4,0,0,4,0,1,0,0,1,0,0,0,1,0,0,0,0,0,0,0,3,2,0,0,4,1,0,0,0,0,0,0,0,0,0,0,0,0,0,2,0,0,0,2,2,1,2,2,0,0,0,4,0,3,1,0,0,3,7,0
z0098740,0,0,0,0,1,1,0,1,0,1,0,1,2,0,0,2,2,2,1,0,2,4,7,2,4,0,0,0,0,0,1,0,0,0,0,0,13,0,0,0,0,0,0,0,0,0,0,0,0,0,0,0,0,1,0,0,0,0,1,1,0,0,3,1,0,0,1,1,1,0,0,0,0,0,0,0,0,0,2,0,0,2,1,2,0,1,0,3,22,0,3,1,2,1,1,0,0,1,2,0,0,2,1,1,0,2,0,0,0,0,0,0,0,0,0,0,0,0,1,0,1,0,0,0,13,0,0,1,0,0,1,0,0,0,0,1,0,0,0,0,0,0,0,0,2,1,8,0,0,3,1,0,0,0,0,1,1,0,0,0,0,0,0,1,0,0,0,0,1,2,1,1,0,0,1,0,0,1,0,1,0,2,2,0
z0098744,0,0,0,2,0,0,3,0,0,2,0,2,0,0,0,1,1,2,0,0,2,2,3,6,5,1,0,0,0,0,1,1,4,0,0,0,16,2,0,0,0,0,0,0,0,0,1,0,0,1,0,1,0,0,0,0,2,0,3,3,0,1,1,1,0,0,0,1,1,0,1,0,0,0,0,2,0,0,0,0,1,3,1,0,3,1,0,1,17,0,0,0,0,2,1,0,0,0,0,1,1,2,0,1,0,0,1,0,0,0,0,0,1,0,0,0,0,1,3,1,0,0,0,1,5,0,0,2,0,2,0,0,1,0,0,0,0,0,0,0,0,0,0,0,0,3,5,1,2,1,0,0,0,0,0,1,2,1,0,0,0,2,1,3,0,0,0,0,3,3,6,2,0,0,5,5,0,3,2,1,2,2,4,0
z0098745,0,0,0,0,0,1,0,1,1,2,0,2,2,0,0,1,2,4,0,0,0,2,1,5,6,0,0,1,0,0,1,0,2,0,1,0,13,0,0,0,0,0,0,0,0,0,0,0,0,0,0,0,0,0,0,0,0,0,0,4,0,0,0,0,0,0,0,0,0,1,0,0,0,0,0,0,0,1,0,2,0,3,1,2,1,0,0,0,18,0,0,2,0,0,2,2,0,0,0,0,0,2,0,0,0,0,0,0,0,0,0,0,0,0,0,0,1,0,0,0,0,0,0,0,7,0,0,1,0,2,0,0,2,0,0,0,0,0,0,0,0,0,0,1,0,1,1,1,0,2,0,0,0,0,0,0,0,0,0,0,0,2,0,0,0,0,0,0,0,4,2,0,0,0,1,3,0,0,0,0,0,0,2,0
z0098746,0,0,2,0,0,1,1,1,2,1,0,1,0,0,1,1,0,1,0,0,2,4,1,2,5,0,0,0,0,0,2,0,0,0,0,0,19,1,0,1,0,0,0,1,0,0,0,2,0,1,0,0,1,2,0,0,0,1,2,2,0,0,1,3,0,0,0,2,2,0,0,0,0,0,0,0,0,0,0,3,1,2,1,2,1,3,0,0,21,1,0,0,0,0,3,0,0,0,0,0,2,6,3,3,2,0,1,0,0,1,0,0,2,0,0,0,0,0,2,1,0,0,2,0,6,0,2,1,2,5,0,0,1,0,0,0,0,0,0,0,0,0,0,0,0,1,4,2,2,1,0,0,0,0,0,0,1,0,0,1,0,0,0,3,2,0,0,0,0,3,2,2,0,1,0,1,1,5,1,1,1,4,5,0
z0102483,1,1,0,0,0,2,0,0,2,0,0,2,1,1,0,1,1,1,0,0,1,1,3,2,5,0,0,0,0,0,1,0,0,0,0,0,15,0,0,0,0,0,1,0,0,0,0,0,0,0,0,0,0,0,0,0,0,0,0,0,0,0,0,0,0,0,0,0,1,0,0,0,0,0,0,0,0,0,0,1,0,1,0,1,0,0,0,1,6,0,0,0,1,0,0,0,0,0,0,0,0,1,0,0,0,1,0,0,0,0,0,0,0,0,0,0,0,0,0,0,0,0,0,0,1,0,0,1,0,3,0,0,1,0,0,0,0,0,0,0,0,0,0,0,2,1,4,1,2,1,0,0,0,0,0,0,0,0,0,0,0,0,0,1,0,0,0,0,1,3,4,2,0,0,0,8,0,2,0,2,0,6,5,4
z0102484,2,2,0,2,0,1,2,0,0,0,0,1,2,0,0,0,1,1,0,0,0,5,1,1,2,0,0,0,0,0,0,0,0,0,0,1,20,0,0,0,0,0,1,0,0,0,0,1,0,1,0,0,0,0,0,0,0,0,2,1,0,1,0,5,0,0,2,2,0,0,0,0,0,0,0,0,0,1,0,2,0,2,0,1,0,2,0,0,29,0,0,0,0,0,2,0,0,0,0,0,1,3,1,1,1,0,0,0,0,0,0,0,2,0,0,0,0,0,2,3,0,0,2,0,1,0,0,0,0,0,0,0,2,0,0,1,0,0,0,0,0,0,0,0,0,1,5,2,0,2,0,0,0,0,0,0,0,0,1,0,0,1,0,1,0,0,0,0,1,5,7,4,0,2,1,9,0,2,2,2,1,4,8,0
z0102485,0,0,2,0,3,1,2,2,1,1,0,2,3,0,0,0,1,1,0,2,4,5,4,4,5,0,0,0,0,0,4,0,0,0,0,0,16,0,0,0,0,0,1,1,0,0,0,0,0,1,0,0,0,0,0,0,0,2,3,1,0,0,0,8,0,0,0,3,1,0,0,0,0,0,0,0,0,0,1,2,0,4,1,2,0,0,1,1,9,0,0,1,0,0,4,0,0,0,0,0,3,2,0,0,1,0,0,0,1,0,0,0,0,0,0,2,2,0,4,1,0,1,2,0,3,0,0,1,2,4,0,0,5,0,0,0,1,0,0,0,0,0,0,0,0,1,6,1,2,3,2,0,0,0,0,0,3,0,0,1,0,0,1,0,0,0,0,0,1,3,6,4,0,1,2,8,0,1,1,3,1,4,6,0
z0102500,0,0,0,1,0,0,1,0,0,0,0,1,1,1,1,0,1,2,0,1,7,3,3,2,4,0,0,0,0,0,2,0,0,0,0,0,11,0,0,0,0,0,0,0,0,0,0,1,0,0,0,0,0,0,0,0,2,0,1,0,0,1,1,2,0,0,0,1,1,0,0,0,0,2,0,1,0,0,0,2,1,1,0,1,0,3,0,0,17,0,0,2,0,0,0,0,2,0,3,0,1,3,0,0,1,0,0,0,0,0,0,0,1,0,0,2,0,0,1,1,0,0,0,1,3,0,0,0,1,1,0,0,1,0,0,0,0,0,0,0,0,0,0,0,2,2,3,0,0,1,1,0,0,0,0,0,1,0,0,0,0,0,0,0,0,0,0,0,1,2,3,1,0,0,0,3,0,0,0,1,0,3,3,0
z0123188,0,0,0,0,0,0,2,0,0,0,0,0,0,0,0,0,0,3,0,0,1,5,1,6,4,0,0,0,0,0,2,0,0,0,2,0,10,0,0,0,0,0,1,0,0,0,0,0,0,0,0,2,0,0,0,0,0,0,2,0,0,0,0,1,0,2,1,2,1,0,0,0,0,1,0,0,1,0,0,2,0,1,0,1,2,0,0,2,16,0,0,0,0,0,0,0,0,0,0,2,2,2,0,0,0,0,0,0,0,0,0,0,0,0,0,0,0,0,0,2,0,0,0,0,5,0,0,0,0,3,0,0,3,0,0,0,1,0,0,0,0,0,0,0,0,0,2,0,0,0,0,0,0,0,0,0,1,0,1,0,2,1,2,0,1,0,0,0,0,1,2,1,0,1,1,4,0,0,0,1,0,0,1,0
z0132631,0,0,0,0,0,0,1,1,1,3,1,1,0,3,0,0,1,1,0,0,2,6,5,3,5,0,0,0,0,0,3,0,0,0,2,0,12,0,0,0,0,0,0,0,0,0,0,1,0,0,0,0,0,0,1,0,0,0,2,2,0,2,0,1,0,1,0,2,0,0,0,0,0,0,2,1,0,0,0,2,0,2,0,0,4,0,0,0,17,0,0,0,1,0,1,2,0,0,0,2,0,2,1,0,0,0,0,0,0,0,0,0,1,0,0,0,1,0,0,1,0,0,0,1,4,0,0,1,2,0,0,1,2,1,0,0,0,0,0,0,0,0,2,0,0,1,1,1,0,1,0,0,0,0,0,0,0,0,0,0,0,2,2,0,2,0,2,0,0,1,4,1,0,0,0,4,0,1,0,0,1,2,4,0
z0132632,1,1,0,0,0,0,0,2,0,0,0,0,0,0,0,1,0,1,0,0,2,4,3,0,2,0,0,0,0,0,0,0,0,0,0,0,2,0,0,0,0,0,0,0,0,0,0,0,0,0,0,0,0,0,0,0,0,0,1,1,0,0,1,3,0,0,0,1,0,0,0,0,0,0,0,0,0,1,0,0,0,1,0,2,0,0,0,0,10,0,0,0,0,0,1,0,0,0,0,0,0,4,0,0,1,0,0,0,0,0,0,0,0,0,0,0,0,0,0,0,0,0,0,0,1,0,0,0,0,0,0,0,0,0,0,0,0,0,2,0,0,0,0,0,0,0,0,0,0,0,1,0,0,0,0,0,0,0,0,0,0,0,0,0,0,0,0,0,0,0,0,2,0,1,1,3,3,3,2,0,0,0,2,0
z0132634,1,0,1,0,0,2,0,1,0,0,1,2,0,1,1,1,1,2,0,0,1,3,5,5,4,0,0,1,1,0,2,0,0,0,2,0,11,0,2,0,0,0,0,0,0,0,1,3,0,1,0,0,0,0,0,0,0,0,1,0,0,1,1,1,0,0,0,2,1,0,0,0,0,0,0,0,0,2,1,2,0,5,0,3,0,0,1,0,20,0,0,0,0,0,4,0,0,0,0,0,0,6,0,0,0,1,0,0,0,1,0,2,0,1,0,0,1,0,2,1,0,0,0,1,4,0,0,1,1,1,0,1,1,0,0,0,1,0,0,0,0,0,0,0,0,1,5,3,5,2,3,0,0,0,0,0,0,0,0,2,0,4,0,1,2,0,0,0,2,7,7,1,0,2,0,8,0,5,0,1,1,5,5,0
z0132639,0,0,2,2,1,0,2,2,0,4,0,2,0,0,0,0,2,2,0,2,1,6,2,1,7,0,0,0,0,0,0,0,0,1,0,0,8,0,0,0,0,0,1,0,0,0,0,0,0,1,0,0,0,0,0,0,3,0,4,2,0,0,0,4,0,1,0,4,2,0,0,0,0,0,0,0,0,4,0,1,0,1,1,2,2,0,0,0,14,0,0,0,2,0,2,0,0,1,0,0,4,3,0,4,1,4,0,0,0,0,0,0,2,1,0,0,0,0,1,2,0,0,2,1,2,0,2,2,1,3,0,0,2,0,0,0,0,0,0,0,0,0,0,0,0,1,3,1,4,0,0,0,1,0,0,0,0,0,0,1,0,1,1,1,0,0,0,0,2,4,4,3,1,0,1,8,2,3,1,1,1,6,7,0
z0132641,0,0,0,0,0,1,5,2,0,0,0,2,2,0,1,0,0,0,0,0,3,6,2,1,3,0,0,0,0,0,1,0,0,0,0,0,5,0,0,0,0,0,0,0,0,0,0,0,0,0,0,0,0,0,0,0,2,1,1,3,0,1,3,1,0,0,2,3,1,0,0,0,0,0,0,0,0,0,0,2,0,0,2,1,1,2,0,0,5,0,0,0,1,0,1,2,0,0,0,0,2,3,0,1,1,0,0,0,0,0,0,0,0,0,0,0,3,0,0,0,0,0,2,1,3,0,0,0,0,0,2,0,0,0,0,0,0,0,0,0,0,0,0,0,0,0,1,0,0,1,0,0,0,0,0,0,1,0,3,0,0,2,0,2,0,1,0,0,4,4,4,3,0,3,1,7,0,3,0,1,1,2,8,1
z0132642,0,0,0,0,0,0,1,0,1,0,2,2,0,0,0,1,0,2,0,0,1,2,1,1,2,0,0,0,0,0,2,0,0,0,0,0,12,0,0,0,0,0,1,2,0,0,0,0,0,2,0,0,0,0,0,0,0,0,1,0,0,2,0,3,0,0,0,1,1,0,0,0,0,3,0,0,2,0,1,4,1,1,0,2,0,0,1,0,17,0,0,0,1,0,1,4,0,0,0,0,4,4,0,1,1,0,2,0,0,0,0,0,0,0,0,0,0,0,3,1,0,0,0,1,4,0,0,0,0,1,0,0,0,0,0,0,1,0,0,0,0,0,0,0,0,2,7,0,0,1,0,0,0,0,0,0,0,0,0,0,0,1,0,2,0,0,0,0,1,3,4,3,0,0,1,9,1,0,3,3,0,4,4,1
z0132658,0,0,0,0,0,4,1,0,2,2,0,1,2,2,0,2,1,1,0,0,0,4,5,4,7,0,0,0,0,0,2,0,0,0,0,0,15,0,1,0,0,0,0,0,0,0,2,1,0,2,0,0,3,2,0,0,0,0,3,1,0,0,1,1,0,0,0,1,0,0,0,0,1,2,0,0,0,0,0,2,0,2,0,0,0,1,0,1,22,1,0,0,2,0,2,0,0,0,2,0,0,1,0,0,0,0,0,0,0,0,0,0,0,0,0,0,2,0,2,1,0,0,0,1,5,1,0,2,0,4,0,0,1,2,0,0,0,0,0,0,0,0,0,0,0,1,2,1,6,1,0,0,0,0,0,0,0,0,0,0,0,1,1,2,2,0,2,0,1,3,4,3,0,0,4,7,0,2,1,3,1,2,5,0
z0132659,0,0,0,0,0,1,1,0,1,0,0,3,0,0,0,1,2,0,0,1,1,2,3,4,7,1,0,0,0,0,1,0,0,0,0,0,16,1,0,0,0,0,1,0,0,0,0,0,0,1,0,0,0,0,1,4,1,2,1,1,0,0,3,2,0,0,0,0,0,0,0,0,0,0,0,2,0,2,1,2,0,0,1,1,0,0,0,1,19,0,0,0,0,0,2,0,0,0,0,0,1,3,2,1,0,0,0,0,0,0,0,0,1,0,0,0,0,1,2,0,0,0,1,0,5,0,0,1,0,1,0,0,3,0,0,0,1,0,0,0,0,1,0,0,2,2,4,1,3,2,3,0,0,0,0,0,1,0,0,0,0,0,1,3,0,0,0,0,3,2,5,5,0,3,1,7,4,5,1,0,3,5,7,0
z0132660,0,0,1,0,0,0,1,0,0,0,1,1,0,0,0,1,0,1,0,0,0,2,2,0,3,0,0,1,0,0,2,0,0,0,0,0,6,0,0,2,0,0,0,0,0,0,0,0,0,0,0,0,0,0,0,1,0,0,3,0,0,0,0,2,0,0,0,1,1,0,0,0,0,1,0,0,0,0,0,3,0,3,1,1,4,2,0,0,21,0,2,0,0,0,1,0,0,1,2,0,4,5,1,0,0,0,0,0,0,0,0,0,0,0,0,0,0,0,0,3,0,0,0,2,0,0,0,0,0,1,0,0,0,1,0,0,0,0,0,1,0,1,0,0,0,0,2,2,0,1,0,0,0,0,0,0,0,0,0,1,0,0,4,0,0,1,0,0,0,2,4,2,0,0,1,8,2,1,1,0,0,1,3,0
z0160208,0,0,0,0,0,1,0,0,0,1,1,0,0,1,0,1,0,1,0,0,1,3,1,2,1,0,0,0,0,0,1,0,0,0,0,0,7,0,0,0,0,0,0,0,0,0,0,0,0,0,0,2,0,0,0,0,0,0,2,3,0,0,0,1,0,0,0,3,0,0,0,0,0,0,0,0,0,0,1,4,0,2,0,0,1,0,0,0,11,0,0,0,0,0,1,0,0,0,0,0,0,4,0,0,0,0,0,0,0,0,0,0,0,0,0,0,0,0,0,0,0,0,0,0,4,0,0,0,0,1,0,0,1,0,0,0,0,0,0,0,0,0,0,0,0,1,4,1,0,1,0,0,0,0,0,0,2,0,0,0,0,0,0,0,0,0,0,0,2,2,1,2,0,0,0,1,0,1,0,1,0,2,2,0
z0175867,0,0,0,0,0,0,0,0,0,3,1,1,0,0,0,3,0,2,1,2,3,2,3,5,4,0,0,0,0,0,2,0,0,0,0,0,14,0,1,0,0,0,0,0,0,0,0,1,0,2,0,0,1,0,0,1,0,0,2,4,0,1,1,2,0,0,0,2,2,0,0,0,0,0,0,0,0,0,0,2,0,2,1,2,0,0,2,2,27,0,0,0,1,0,2,0,1,0,0,2,1,3,0,0,1,0,1,1,0,0,0,0,0,0,0,0,1,0,4,1,1,0,0,0,4,0,0,1,0,3,0,0,1,1,2,0,1,0,3,0,0,0,0,0,4,1,3,1,0,2,0,0,0,0,0,0,1,0,1,1,0,4,0,3,0,1,0,0,2,8,4,3,0,1,1,5,0,5,2,1,2,5,9,1
z0175874,0,0,0,0,0,0,1,0,0,0,1,1,0,0,0,0,1,1,1,0,1,2,1,1,3,0,0,0,0,0,1,0,0,0,0,0,15,0,0,0,0,0,0,0,0,0,1,0,0,1,0,0,0,0,0,0,0,0,1,0,0,0,0,0,0,0,1,1,0,0,0,0,0,0,0,0,0,0,0,2,0,2,0,1,0,0,0,0,24,1,0,0,0,0,0,0,0,0,0,0,1,3,1,0,1,0,0,0,0,0,0,0,0,0,0,0,0,0,0,1,0,0,0,2,5,0,0,0,0,2,0,0,0,0,0,0,0,1,0,1,0,0,0,0,0,0,3,2,0,1,0,1,0,0,0,0,0,0,0,0,0,2,0,2,2,0,0,0,1,2,2,3,0,1,1,1,0,0,1,0,0,1,4,0
z0175876,0,0,0,0,0,0,0,0,0,0,0,2,0,0,0,1,2,3,0,0,0,1,3,2,4,0,0,0,0,0,1,0,0,0,0,0,15,0,0,0,0,0,0,1,0,0,0,0,0,0,1,0,0,0,0,1,0,0,1,0,0,0,0,1,0,0,0,1,2,0,0,0,0,2,0,0,0,0,0,3,0,2,0,0,0,0,0,1,29,0,0,0,0,0,2,0,0,1,0,0,0,4,1,0,0,0,0,0,0,0,0,0,1,0,0,0,0,0,1,0,0,0,0,0,9,0,0,2,0,1,0,0,1,0,0,2,1,0,0,0,0,0,0,0,0,1,1,1,0,0,0,0,0,0,0,0,1,0,0,0,0,0,0,1,1,0,0,0,1,1,4,2,0,0,1,3,0,1,0,0,0,1,3,0
z0175877,0,0,1,0,0,1,1,0,1,0,1,2,0,0,0,0,2,0,2,1,1,5,5,3,1,1,0,0,0,0,2,0,1,0,0,0,15,1,2,0,0,0,0,1,0,0,0,0,0,0,0,0,0,1,0,0,0,0,2,3,0,0,2,3,0,0,0,0,1,0,0,0,0,0,0,0,2,0,0,2,0,2,0,0,0,0,0,0,29,0,0,0,0,0,1,0,1,0,0,1,2,2,0,0,0,1,0,0,0,0,0,0,2,0,0,0,0,2,1,0,0,0,3,0,3,0,0,0,0,1,0,0,1,0,0,0,0,0,1,0,0,0,0,0,0,3,2,0,1,1,0,0,0,0,0,0,1,0,2,1,0,3,1,2,1,0,0,1,4,4,4,1,0,2,2,14,0,1,1,2,2,3,6,1
z0178364,0,0,0,0,0,0,0,0,0,0,0,0,0,0,0,0,0,0,2,0,0,1,1,0,1,0,0,0,0,0,1,0,0,2,0,0,7,2,0,0,0,0,0,2,0,0,0,0,0,0,0,0,0,0,0,0,1,0,3,0,0,1,0,1,0,0,0,4,1,0,0,0,0,0,0,0,0,0,0,0,0,1,0,1,0,0,0,0,14,0,0,0,0,0,1,0,0,2,0,0,0,2,0,0,0,0,1,0,0,0,0,0,1,0,0,0,0,0,0,3,0,0,0,0,4,0,0,0,0,0,0,0,1,0,0,0,0,0,0,0,1,0,0,0,0,0,1,0,0,0,0,0,0,0,0,0,0,0,0,0,0,5,0,0,0,0,0,0,0,4,1,2,1,1,2,1,1,2,0,0,1,1,5,0
z0183541,0,0,0,0,0,0,1,2,0,1,0,2,0,2,2,0,2,2,0,0,0,3,0,4,5,0,0,0,0,0,0,0,0,0,0,0,9,0,0,0,0,0,0,0,0,0,0,0,0,0,0,0,0,0,0,0,1,0,0,0,0,0,0,0,0,0,0,0,0,0,0,0,0,0,0,0,0,0,0,0,1,2,0,0,0,0,0,0,11,0,0,0,0,0,1,0,0,0,0,0,0,2,0,0,0,0,0,0,0,0,0,0,0,0,0,0,0,0,0,0,0,0,0,0,1,0,0,1,0,0,0,0,0,0,0,0,0,0,0,0,0,0,0,0,0,2,1,1,4,2,0,0,0,0,0,0,0,0,0,0,0,0,0,0,0,0,0,0,0,1,0,1,0,0,0,2,1,0,3,0,0,0,1,0
z0183543,0,0,0,0,1,0,2,1,1,1,0,2,0,2,0,2,0,2,2,1,1,5,7,3,6,0,0,0,0,1,2,1,1,0,1,2,21,0,0,1,0,0,1,0,0,0,0,2,0,2,0,1,0,0,0,0,0,0,0,0,0,0,3,1,0,1,0,2,2,0,0,0,0,0,0,0,0,0,1,2,0,3,0,0,2,2,1,6,21,0,1,0,2,0,0,0,0,0,4,2,1,2,0,1,0,0,1,0,0,0,0,0,0,1,0,0,1,2,2,1,0,0,1,1,6,2,0,4,1,2,0,0,2,0,0,0,2,0,0,0,0,0,0,0,1,4,6,3,1,2,0,0,0,0,1,0,2,0,0,1,0,4,1,2,1,0,0,0,1,4,9,5,2,3,3,6,0,4,2,1,2,1,8,1
z0183544,0,0,0,0,0,0,1,0,0,1,0,2,0,1,1,1,0,2,0,1,0,5,2,1,3,0,0,0,0,0,1,0,0,0,0,0,16,0,0,2,0,2,0,0,0,0,0,1,0,1,0,0,0,0,0,0,1,0,0,1,0,5,0,2,0,0,0,2,0,0,0,0,2,0,0,0,2,2,0,4,1,1,1,3,1,1,1,0,12,0,0,0,3,0,3,0,0,0,0,0,3,4,0,1,0,0,0,0,0,0,0,0,1,0,0,2,0,0,2,1,0,0,0,2,3,0,0,2,0,2,0,0,2,2,0,1,0,0,0,1,0,0,0,0,0,1,2,0,4,1,2,0,0,0,0,0,1,0,0,0,0,2,0,2,1,0,0,0,2,7,4,2,0,0,2,10,0,2,1,3,2,4,5,0
z0186431,0,0,0,0,0,0,0,0,1,0,0,3,0,0,0,1,0,1,2,0,1,3,1,0,3,0,0,0,0,0,2,0,0,0,2,0,14,1,1,0,0,1,0,0,0,0,0,0,0,1,0,0,0,0,0,0,0,0,1,1,0,0,2,1,0,0,2,1,2,0,0,1,0,2,0,0,0,0,0,2,1,1,1,1,2,0,0,0,19,2,0,0,0,1,1,0,1,0,0,0,1,2,0,0,1,0,0,0,0,0,0,0,1,0,0,0,0,0,0,1,0,0,0,0,10,0,1,0,0,2,0,0,1,0,0,2,0,1,0,0,1,1,0,0,1,0,2,1,3,2,0,0,0,0,0,0,2,0,2,0,0,2,1,2,0,0,0,1,5,3,4,3,1,0,2,7,0,1,1,1,2,2,6,0
z0186433,0,0,0,0,2,0,0,0,1,2,0,2,0,1,1,0,2,1,1,1,0,3,4,2,3,0,0,0,0,0,1,0,0,0,0,0,13,0,0,0,0,0,1,1,0,0,0,1,0,1,0,0,0,0,0,0,0,0,1,1,0,0,0,0,0,0,0,1,1,0,0,0,0,0,1,0,0,0,0,0,0,5,0,1,0,0,0,1,5,1,0,2,0,0,2,0,0,0,0,0,1,4,0,0,1,0,2,0,0,0,0,0,1,0,0,0,2,0,2,6,0,0,0,2,15,0,0,1,1,2,0,0,1,0,0,3,0,0,0,0,0,0,0,0,0,0,3,1,1,2,1,0,0,0,0,0,1,0,1,0,0,0,1,1,1,0,0,0,1,3,4,6,0,2,0,2,0,3,1,4,2,4,4,1
z0186434,1,0,0,0,0,0,0,0,0,0,0,0,0,0,0,2,0,0,2,0,0,1,0,0,2,0,0,0,0,0,0,0,0,0,2,0,7,0,0,0,0,0,0,1,0,2,0,0,0,0,0,0,0,0,0,0,0,0,5,1,0,0,0,1,0,0,0,1,1,0,0,0,0,0,0,0,0,0,0,1,0,0,1,0,0,0,0,0,5,0,0,0,0,0,4,0,0,0,0,0,1,0,0,1,0,0,0,0,0,0,1,0,1,0,0,0,0,1,3,2,0,0,0,1,6,0,0,0,0,5,2,0,1,0,0,0,0,0,2,0,0,0,0,0,0,1,3,0,1,2,0,0,0,0,0,0,1,0,1,0,0,1,1,0,0,0,0,0,1,1,4,1,0,2,1,3,0,1,1,1,1,3,7,0
z0186435,0,0,0,0,0,0,1,1,1,2,0,1,0,0,0,2,0,0,0,0,1,2,2,1,3,0,0,0,0,0,0,0,1,0,0,0,6,0,0,0,0,0,0,0,2,0,0,0,0,0,0,0,0,0,0,0,0,0,2,1,0,0,0,2,0,0,0,1,1,0,0,0,0,0,0,0,0,2,0,0,0,1,0,0,0,0,0,0,8,0,0,0,0,0,0,0,1,0,0,0,1,0,1,0,2,0,0,0,0,0,0,0,1,0,0,0,0,0,2,1,0,0,0,0,4,0,0,0,0,1,0,0,2,0,0,0,0,0,0,0,0,0,0,0,0,0,1,1,0,1,0,0,0,0,0,0,1,0,0,0,2,0,0,0,0,0,0,0,0,1,3,2,0,0,0,1,0,0,2,0,0,2,1,0
z0186450,0,0,0,0,0,0,1,0,0,0,1,2,1,0,0,1,1,3,0,0,2,4,2,2,6,0,0,1,0,0,1,0,0,0,0,0,12,1,0,2,2,0,0,0,0,0,0,0,0,1,2,0,0,0,0,0,0,0,1,2,0,0,0,2,0,0,0,0,0,0,0,0,0,0,0,0,0,0,0,1,0,1,0,1,0,0,2,0,24,0,1,0,1,0,1,0,0,1,0,2,1,2,2,0,3,1,0,0,0,0,0,0,1,0,0,0,0,0,0,0,0,0,0,1,2,0,0,0,0,0,0,0,1,0,0,0,0,0,0,2,0,0,0,0,0,1,2,0,0,1,0,0,0,0,0,0,1,0,0,0,0,1,0,1,0,0,0,0,1,4,4,4,1,0,3,3,0,0,2,2,1,3,6,0
z0187739,0,0,0,0,0,0,0,1,0,0,0,0,0,0,0,0,0,1,0,0,3,1,1,3,3,0,0,0,0,0,1,0,0,0,0,0,5,0,2,0,0,0,0,0,0,0,0,0,0,0,0,0,0,2,0,0,2,0,2,3,0,1,0,3,0,0,2,1,0,0,0,0,0,1,0,0,0,0,0,0,0,2,0,0,0,0,0,0,6,0,0,0,0,0,0,0,0,0,0,0,0,0,0,0,0,0,0,0,0,0,0,0,0,0,0,2,1,0,1,0,0,0,0,2,4,0,0,0,0,2,0,0,0,0,0,0,0,0,0,0,0,0,0,0,0,0,0,0,0,0,0,0,0,0,0,0,0,0,0,0,0,0,0,0,0,0,1,0,0,1,0,0,0,0,0,2,0,0,0,0,0,2,2,0
z0190863,1,0,0,0,0,0,0,0,3,1,0,1,2,0,0,2,3,1,0,0,2,2,2,2,2,0,0,0,0,0,0,0,0,0,0,2,7,0,0,0,0,0,0,0,0,0,0,0,0,1,0,0,0,0,0,0,0,1,3,1,0,1,0,2,0,0,0,1,1,0,0,0,0,0,0,0,0,0,0,0,0,1,0,1,0,1,0,0,8,0,0,0,0,0,0,0,1,0,0,0,2,2,0,0,0,0,0,0,0,0,0,0,0,1,0,0,0,0,1,1,0,0,1,1,6,0,0,0,0,0,0,0,0,2,0,0,0,0,1,0,0,0,0,0,0,1,1,1,0,0,2,0,0,0,0,0,0,0,0,0,0,0,1,1,0,0,0,0,0,1,3,1,0,0,1,5,0,0,1,1,0,2,3,0
z0190867,0,0,0,0,2,3,2,2,2,1,0,0,0,0,0,0,1,0,0,0,0,1,3,2,4,0,0,0,0,0,0,0,0,0,0,0,13,0,2,0,0,0,0,0,0,0,0,0,0,0,0,0,0,0,0,1,3,0,2,1,0,1,0,2,0,0,0,3,2,1,0,0,0,1,2,0,0,0,0,2,2,1,1,0,0,0,3,0,21,0,1,0,0,0,2,0,0,0,0,2,1,5,0,0,1,0,1,0,0,0,0,0,1,0,1,0,1,0,1,1,0,0,0,0,4,0,0,1,1,1,0,0,1,0,0,1,0,0,1,0,0,0,1,0,1,1,2,1,0,1,0,0,0,0,0,0,0,0,0,0,0,1,0,1,0,1,0,0,1,1,2,2,0,0,1,5,0,1,0,2,2,1,4,0
z0196956,1,0,0,0,0,0,1,0,0,0,0,2,0,1,1,0,1,2,0,0,1,2,3,4,8,0,0,0,0,0,2,0,0,0,0,0,9,0,2,0,2,0,0,0,0,0,0,0,0,0,0,0,0,0,0,0,0,0,1,0,0,1,0,0,0,0,0,2,0,0,0,0,0,0,0,0,0,1,0,2,0,1,1,2,1,1,0,0,23,0,0,2,0,0,1,0,0,0,0,1,1,2,2,0,1,2,0,0,0,0,0,0,0,0,0,0,0,0,0,0,0,0,0,0,3,0,0,0,0,0,0,0,2,0,0,0,0,0,0,0,0,0,0,0,0,3,2,0,3,1,1,0,0,0,0,0,0,0,0,0,0,0,0,1,0,2,0,0,0,0,2,2,0,0,1,2,0,0,0,1,2,3,4,0
z0198374,0,0,0,0,0,1,0,0,0,0,1,0,0,0,1,1,0,1,0,2,2,2,2,2,4,0,0,0,0,0,3,1,1,2,0,0,8,0,0,0,0,0,2,0,0,0,0,0,0,0,0,0,0,0,0,0,1,0,2,0,0,0,0,0,0,0,0,2,0,0,0,0,0,0,1,0,0,0,2,0,0,4,1,0,0,0,0,0,5,0,0,0,0,2,5,0,0,0,0,0,0,2,0,0,2,0,0,0,0,0,0,0,0,0,0,1,0,0,2,0,0,0,0,0,4,0,0,0,2,1,0,0,0,0,0,0,0,0,0,0,1,0,0,0,0,1,2,0,1,2,0,0,0,0,0,0,0,0,1,0,0,0,0,2,0,0,0,0,1,3,5,3,0,3,0,4,0,2,0,0,0,1,2,0
z0198377,1,0,0,0,0,2,2,0,0,1,0,1,0,0,1,1,3,1,0,0,0,4,5,2,5,1,2,0,0,0,2,0,0,0,0,0,8,0,0,0,0,0,0,0,0,0,0,0,0,1,0,0,0,1,0,0,0,0,1,1,0,0,0,0,0,0,0,1,1,0,0,0,0,0,0,0,1,0,0,0,0,3,1,0,0,0,0,0,7,0,0,0,0,0,1,0,1,0,2,0,1,1,0,0,1,0,0,0,0,0,0,2,1,1,0,0,0,0,1,0,0,0,0,0,4,1,0,0,0,0,0,0,0,0,0,0,0,0,0,0,0,0,0,0,0,0,0,0,2,0,0,0,0,0,0,0,0,0,0,0,0,2,0,0,0,0,0,1,1,1,3,3,0,0,2,0,0,0,0,0,1,0,1,0
z0198473,0,1,1,0,0,1,2,0,1,1,1,3,0,2,0,1,2,2,0,0,2,8,4,3,5,0,0,1,0,2,2,0,1,0,0,0,31,0,2,0,0,0,1,3,0,0,1,1,1,1,0,0,0,0,0,0,0,0,3,2,0,0,3,3,0,0,0,2,2,0,0,0,0,0,0,0,0,0,0,1,0,1,0,0,0,1,2,0,16,0,0,0,0,0,1,0,0,0,1,0,2,2,0,2,0,0,0,0,0,0,0,0,0,0,0,0,0,0,1,1,0,0,0,3,3,0,0,1,0,3,0,0,2,0,0,0,2,0,1,0,0,0,0,0,0,0,3,0,0,1,0,1,0,0,0,0,0,0,2,1,1,2,0,3,0,0,1,0,3,2,3,6,0,0,1,9,0,2,2,3,3,9,9,0
z0198474,0,0,0,0,0,1,3,0,0,0,1,1,0,1,0,0,1,2,2,0,0,4,2,2,4,0,0,2,0,0,2,0,0,0,0,0,14,0,0,0,0,0,0,0,0,0,0,0,0,4,0,0,0,0,0,0,0,0,1,2,0,0,2,1,0,0,0,3,3,0,0,0,0,0,0,0,2,2,0,1,0,1,0,2,2,1,0,0,20,0,0,1,1,0,1,0,0,0,0,0,2,3,0,1,1,0,0,1,0,0,0,0,1,0,0,0,0,0,0,0,0,1,0,0,1,0,0,0,0,1,0,0,1,0,0,0,0,0,0,0,0,0,0,0,0,0,1,1,6,1,0,0,0,0,0,0,0,0,0,1,0,2,0,0,0,0,0,0,0,0,1,2,0,0,1,2,0,3,0,1,1,1,2,2
z0198475,0,1,0,2,0,0,0,0,0,0,0,2,0,0,0,2,81,1,0,0,0,2,1,1,3,0,0,0,0,0,0,0,0,0,0,0,11,0,2,0,0,0,0,0,0,0,0,0,0,1,0,0,0,1,0,0,0,0,2,0,0,0,0,2,0,0,1,3,1,0,0,0,0,0,0,0,2,0,0,1,1,0,0,0,2,0,2,0,10,0,0,0,0,0,0,0,0,0,2,0,1,2,1,0,1,1,1,0,0,0,0,1,0,0,0,0,0,0,1,1,0,0,0,0,0,0,0,0,1,1,1,0,1,0,0,0,0,0,0,0,0,0,0,0,0,0,2,0,0,3,0,0,0,2,0,0,1,0,0,0,0,0,0,0,1,0,0,0,0,2,3,1,0,0,0,1,0,1,0,0,0,3,4,0